Kashif Hussain ,kashifhussain3.TEST@gmail.com,9586662540,6,TEST,http://www.askiitians.com/myaccount.aspx
Afab Hussain,aftab.hussain56.TEST@gmail.com,9999252564,6,TEST,http://www.askiitians.com/myaccount.aspx
Ashok reddy,ashoka.reddy.TEST@gmail.com,9891789653,6,TEST,http://www.askiitians.com/myaccount.aspx
Asif ahamad,asif89.TEST@gmail.com,9869123365,6,TEST,http://www.askiitians.com/myaccount.aspx
Chandramani reddy,chandr969.TEST@gmail.com,9387654665,6,TEST,http://www.askiitians.com/myaccount.aspx
Harshit gautam,harshitgua6546.TEST@gmail.com,7508625264,6,TEST,http://www.askiitians.com/myaccount.aspx
Anand verma,verma.anand6566.TEST@gmail.com,9899968235,6,TEST,http://www.askiitians.com/myaccount.aspx
Subramanyam swami,subramanyam5592.TEST@gmail.com,7507508564,6,TEST,http://www.askiitians.com/myaccount.aspx
Suraj rama reddy,surajreddy9964.TEST@gmail.com,9896999265,6,TEST,http://www.askiitians.com/myaccount.aspx
Rekha dixit,rekha.dixit986.TEST@gmaul.com,8800444356,6,TEST,http://www.askiitians.com/myaccount.aspx
Akram seikh,akramseikh786.TEST@gmail.com,9313729856,6,TEST,http://www.askiitians.com/myaccount.aspx
Vishwash rohilla,vishwashrohillakkk.TEST@gmail.com,9891459902,6,TEST,http://www.askiitians.com/myaccount.aspx
Rahul verma,rahulchandraverma.TEST@gmail.com,7503889890,6,TEST,http://www.askiitians.com/myaccount.aspx
Sunidhi sekhawat,sunidhi2.TEST@gmail.com,8010466777,6,TEST,http://www.askiitians.com/myaccount.aspx
Mirnal upadhyay,cs.mirnal.TEST@gmail.com,9971777864,6,TEST,http://www.askiitians.com/myaccount.aspx
Shyam ghidiyal,shyam.shyam98.TEST@gmail.com,7503524840,6,TEST,http://www.askiitians.com/myaccount.aspx
Bagheshwar singh thakur,thakur.bagheshwar.TEST@gmail.com,9013780282,6,TEST,http://www.askiitians.com/myaccount.aspx
Aniket singh,aniket.yadav973.TEST@gmail.com,9891310673,6,TEST,http://www.askiitians.com/myaccount.aspx
Shawn ,shawn6.TEST@gmail.com,8130386175,6,maxxishe45re,http://www.askiitians.com/myaccount.aspx
