"Listing","cost","date","blank","amenities","Address","Bedrooms","Bathrooms","Balconies","Furnished","Possession Status","Floor Number","Total Floors","Units on the Floor ","Carpet/Builtup Area ","Additional Rooms ","Facing ","Overlooking ","Age of Construction ","Transaction Type ","Type of Ownership ","Units Available ","Plot Area ","Possession By",
3 BHK, 700 Sq-ft Builder Floor Apartment For Sale","26.0Lac","Dec2714","ROWaterSystemVaastuCompliantIntercomFacilityReservedParkingWasteDisposalParkSecurityWaterStorageLiftPowerBackUpRainWaterHarvesting","uttam nagar, New Delhi, Uttam Nagar, New Delhi - West - 110059","3","2","1","Semi-Furnished","Ready to Move","1 ","4 ","2 ","","","","","Puja Room","East ","Main Road ","New Construction","N/A","N/A"
1 BHK, 550 Sq-ft Flat For Sale","75.0Lac(Negotiable)","Dec2714","ROWaterSystemVaastuCompliantPipedGasAirConditionedIntercomFacilityMaintenanceStaffReservedParkingWasteDisposalParkSecurityLaundryServiceWaterStoragePowerBackUpRainWaterHarvestingVisitorParking","delhi police apartment plot no-1 delhi, mayur vihar -1, New Delhi - East - 110091","1","1","2","Furnished","Ready to Move","2 ","3 ","2 ","","","","","","","","Store","","N/A"
2 BHK, 975 Sq-ft Flat For Sale","28.27Lac","Dec2714","ROWaterSystemInternet/Wi-FiConnectivityPrivateTerrace/GardenVaastuCompliantPipedGasAirConditionedIntercomFacilityMaintenanceStaffWasteDisposalJoggingandStrollingTrackBanquetHallWaterStorageDTHTelevisionFacilityConferenceRoomService/GoodsLiftBar/LoungeVisitorParkingCafeteria/FoodCourtReservedParkingParkOutdoorTennisCourtsSecurityLaundryServiceLiftPowerBackUpClubHouseRainWaterHarvestingGymnasiumSwimmingPool","Dwarka Sector 21, New Delhi - Dwarka","2","2","4","Furnished","Under Construction","5 ","15 ","N/A","N/A","N/A","North - East ","Garden/Park , Pool , Main Road ","N/A","New Property","Freehold","N/A","N/A","Jul, 19"
3 BHK, 1100 Sq-ft Builder Floor Apartment For Sale","1.30Crore","Dec2614","ROWaterSystemInternet/Wi-FiConnectivityPrivateTerrace/GardenPipedGasAirConditionedIntercomFacilityMaintenanceStaffWasteDisposalJoggingandStrollingTrackWaterStorageDTHTelevisionFacilityConferenceRoomVisitorParkingReservedParkingParkOutdoorTennisCourtsSecurityLaundryServicePowerBackUpRainWaterHarvesting","52,Ashiana Apartments,Pitampura,New Delhi., Pitampura, New Delhi - North - 110034","3","3","N/A","Furnished","Ready to Move","1 ","3 ","2 ","N/A","","","","Servant Room","South - East ","Garden/Park , Main Road ","Above 20 years","","N/A"
4 BHK, 1700 Sq-ft Builder Floor Apartment For Sale","1.70Crore","Dec2614","PrivateTerrace/GardenPipedGasParkSecurityWaterStorageVisitorParking","Shiva Enclave,Paschim Vihar,New Delhi, Shiva Enclave, Paschim Vihar, New Delhi - West - 110063","4","3","N/A","Unfurnished","Ready to Move","2 ","2 ","1 ","","","N/A","","","Servant Room","Garden/Park ","New Construction","N/A","N/A"
3 BHK, 1600 Sq-ft Flat For Sale","1.20Crore","Dec2614","VaastuCompliantPipedGasIntercomFacilityMaintenanceStaffReservedParkingWasteDisposalParkSecurityLiftPowerBackUpService/GoodsLiftRainWaterHarvestingVisitorParking","sector-12 park view apartment dwarka new delhi, Dwarka Sector 12, New Delhi - Dwarka - 110075","3","2","3","Semi-Furnished","Ready to Move","3 ","10 ","3 ","","N/A","","","","North - East ","Main Road ","Less than 5 years","N/A","N/A"
3 BHK, 850 Sq-ft Builder Floor Apartment For Sale","54.0Lac(Negotiable)","Dec2614","VaastuCompliantIntercomFacilityMaintenanceStaffWasteDisposalBanquetHallWaterStorageDTHTelevisionFacilityConferenceRoomService/GoodsLiftBar/LoungeVisitorParkingCafeteria/FoodCourtReservedParkingParkSecurityLaundryServiceLiftPowerBackUpClubHouseRainWaterHarvestingGymnasium","Uttam Nagar, New Delhi, Delhi-NCR., Uttam Nagar, New Delhi - West - 110059","3","2","N/A","Furnished","Ready to Move","1 ","4 ","4 ","N/A","N/A","North - East ","Main Road ","New Construction","New Property","Freehold","2","N/A","N/A"
3 BHK, 1800 Sq-ft Flat For Sale","1.57Crore","Dec2614","ROWaterSystemVaastuCompliantPipedGasIntercomFacilityMaintenanceStaffWasteDisposalJoggingandStrollingTrackWaterStorageDTHTelevisionFacilityConferenceRoomService/GoodsLiftVisitorParkingReservedParkingParkSecurityLaundryServiceLiftPowerBackUpRainWaterHarvesting","Classic Apartments Sector-22 Dwarka, Dwarka Sector 22, New Delhi - Dwarka - 110078","3","3","4","Unfurnished","Ready to Move","6 ","10 ","4 ","","","","","Store","East ","Main Road ","5 to 10 years","N/A","N/A"
3 BHK, 80 Sq-yrd Builder Floor Apartment For Sale","26.0Lac(Negotiable)","Dec2614","Internet/Wi-FiConnectivityPrivateTerrace/GardenVaastuCompliantIntercomFacilityMaintenanceStaffWasteDisposalSecurityLaundryServiceWaterStorageDTHTelevisionFacilityService/GoodsLiftVisitorParking","uttam nagar, Uttam Nagar, New Delhi - West - 110059","3","2","1","Semi-Furnished","Ready to Move","1 ","4 ","2 ","","","","","","","","Puja Room","","N/A"
3 BHK, 1650 Sq-ft Flat For Sale","1.20Crore(Negotiable)","Dec2614","VaastuCompliantPipedGasMaintenanceStaffWasteDisposalJoggingandStrollingTrackWaterStorageService/GoodsLiftVisitorParkingReservedParkingParkSecurityOutdoorTennisCourtsLiftPowerBackUpRainWaterHarvesting","Sector-12, Dwarka, Dwarka Sector 12, New Delhi - Dwarka - 110075","3","2","3","Semi-Furnished","Ready to Move","10 ","10 ","3 ","N/A","N/A","North - East ","Garden/Park , Main Road ","New Construction","Resale","Freehold","1","N/A","N/A"
2 BHK, 1050 Sq-ft Flat For Sale","38.0Lac","Dec2614","ROWaterSystemInternet/Wi-FiConnectivityPrivateTerrace/GardenVaastuCompliantPipedGasAirConditionedIntercomFacilityMaintenanceStaffWasteDisposalJoggingandStrollingTrackBanquetHallWaterStorageDTHTelevisionFacilityConferenceRoomService/GoodsLiftBar/LoungeVisitorParkingCafeteria/FoodCourtReservedParkingParkOutdoorTennisCourtsSecurityLaundryServiceLiftPowerBackUpClubHouseGymnasiumSwimmingPool","L Zone, Dwarka Sector 21, New Delhi - Dwarka - 110077","2","2","2","Semi-Furnished","Under Construction","7 ","15 ","7 ","N/A","N/A","North - East ","Garden/Park , Pool , Main Road ","N/A","New Property","Freehold","1","N/A","Dec, 18"
3 BHK, 217 Sq-yrd Builder Floor Apartment For Sale","2.25Crore","Dec2614","VaastuCompliantPipedGasWasteDisposalParkJoggingandStrollingTrackSecurityWaterStorageLiftPowerBackUpClubHouseGymnasium","B-5 Block, B 5 Block, New Delhi - South - 110029","3","3","1","Furnished","Ready to Move","2 ","3 ","1 ","N/A","N/A","South - East ","N/A","10 to 15 years","Resale","Freehold","1","N/A","N/A"
1 BHK, 650 Sq-ft Flat For Sale","60.0Lac(Negotiable)","Dec2614","PrivateTerrace/GardenPipedGasAirConditionedMaintenanceStaffReservedParkingParkSecurityLaundryServiceWaterStorageLiftPowerBackUpService/GoodsLiftClubHouseRainWaterHarvestingVisitorParking","Kaveri apartment, Sector-d, Pkt 6., Vasant Kunj Sector D, New Delhi - South - 110070","1","2","N/A","Furnished","Ready to Move","2 ","4 ","12 ","N/A","N/A","East ","Pool , Main Road ","Less than 5 years","Resale","Freehold","4","N/A","N/A"
2 BHK, 800 Sq-ft Builder Floor Apartment For Sale","40.0Lac(Negotiable)","Dec2614","ReservedParkingSecurityLiftClubHouse","Dwarka, Sec-23, A-79, Block-a, Pochanpur Extension, New Delhi, Dwarka Sector 23, New Delhi - Dwarka - 110077","2","2","1","Semi-Furnished","Ready to Move","2 ","4 ","N/A","N/A","N/A","East ","Garden/Park ","New Construction","New Property","POA","1","N/A","N/A"
3 BHK, 1200 Sq-ft Flat For Sale","1.0Crore","Dec2614","","Pragati Apartments West Enclave Pitampura Delhi, West Enclave, Pitampura, New Delhi - North","3","2","2","Semi-Furnished","Ready to Move","3 ","4 ","4 ","N/A","Puja Room","East ","Garden/Park , Main Road ","5 to 10 years","Resale","Freehold","1","N/A","N/A"
4 BHK, 2250 Sq-ft Builder Floor Apartment For Sale","2.75Crore(Negotiable)","Dec2514","VaastuCompliantPipedGasReservedParkingWasteDisposalParkSecurityWaterStorageLiftPowerBackUpRainWaterHarvestingVisitorParking","dwarka sector 12, Dwarka Sector 12, New Delhi - Dwarka - 110075","4","4","3","Furnished","Ready to Move","1 ","4 ","1 ","","","","","","","","Servant Room","","N/A"
2 BHK, 900 Sq-ft Flat For Sale","36.90Lac","Dec2514","ROWaterSystemInternet/Wi-FiConnectivityPrivateTerrace/GardenVaastuCompliantPipedGasAirConditionedIntercomFacilityMaintenanceStaffWasteDisposalJoggingandStrollingTrackBanquetHallWaterStorageDTHTelevisionFacilityConferenceRoomService/GoodsLiftBar/LoungeVisitorParkingCafeteria/FoodCourtReservedParkingParkOutdoorTennisCourtsSecurityLaundryServiceLiftPowerBackUpClubHouseRainWaterHarvestingGymnasiumSwimmingPool","ANTRIKSH VICTORIAN COUNTY, DWARKA, NEW DELHI, Bharthal, Dwarka, New Delhi - Dwarka","2","2","4","Semi-Furnished","Under Construction","6 ","27 ","2 ","N/A","","","","N/A","Puja Room","East ","Garden/Park , Pool , Main Road ","","Jun, 18"
3 BHK, 725 Sq-ft Builder Floor Apartment For Sale","36.0Lac","Dec2414","VaastuCompliantIntercomFacilityReservedParkingWaterStorageLiftVisitorParking","Uttam Nagar, New Delhi, Uttam Nagar, New Delhi - West - 110059","3","2","1","Semi-Furnished","Ready to Move","2 ","4 ","N/A","N/A","","","","Store","North - East ","Main Road ","New Construction","","N/A"
3 BHK, 830 Sq-ft Builder Floor Apartment For Sale","30.0Lac","Dec2414","VaastuCompliantIntercomFacilityWasteDisposalWaterStorageLift","Uttam Nagar, New Delhi - West","3","2","1","Furnished","Ready to Move","1 ","4 ","N/A","N/A","N/A","N/A","N/A","New Construction","New Property","N/A","N/A","N/A","N/A"
1 BHK, 505 Sq-ft Builder Floor Apartment For Sale","16.71Lac","Dec2414","ROWaterSystemVaastuCompliantIntercomFacilityReservedParkingWasteDisposalWaterStorageConferenceRoomVisitorParking","NEAR WEST METRO STATION, UTTAM NAGARNEW DELHI, Uttam Nagar, New Delhi - West - 110059","1","1","1","Semi-Furnished","Ready to Move","1 ","4 ","2 ","","N/A","","","","","","","","N/A"
2 BHK, 600 Sq-ft Builder Floor Apartment For Sale","22.50Lac","Dec2414","VaastuCompliantIntercomFacilityReservedParkingWaterStorageDTHTelevisionFacilityVisitorParking","UTTAM NAGAR, vishwash park, New Delhi - West - 110059","2","2","1","Semi-Furnished","Ready to Move","2 ","4 ","2 ","","","","","","","","Puja Room","","N/A"
4 BHK, 4500 Sq-ft Flat For Sale","50.0Crore(Negotiable)","Dec2414","ROWaterSystemPrivateTerrace/GardenVaastuCompliantPipedGasAirConditionedIntercomFacilityMaintenanceStaffReservedParkingWasteDisposalParkSecurityLaundryServiceWaterStoragePowerBackUpConferenceRoomClubHouseRainWaterHarvestingVisitorParking","Also many more options between 3-7 BHK New Builder Floor Apartments or Independent Houses in Panchsheel Park, Anand Lok, Defence Colony, Hauzkhas Enclave, SDA, Shanti Niketan, Westend, Anand Niketan, Vasant Vihar, Golf Links, Sunder Nagar, Jorbagh, Chanakyapuri etc..., Jor Bagh, New Delhi - South - 110003","4","4","4","Semi-Furnished","Ready to Move","Ground ","4 ","N/A","N/A","","","","Puja Room, Study, Store, Servant Room","East ","Main Road , Garden/Park ","5 to 10 years","","N/A"
4 BHK, 2200 Sq-ft Flat For Sale","2.50Crore(Negotiable)","Dec2414","VaastuCompliantPipedGasIntercomFacilityMaintenanceStaffReservedParkingWasteDisposalParkSecurityLaundryServiceWaterStorageLiftPowerBackUpRainWaterHarvesting","Dwarka sector - 19, Dwarka, Dwarka Sector 19, New Delhi - Dwarka - 110075","4","3","N/A","Semi-Furnished","Ready to Move","5 ","8 ","3 ","N/A","","","","Servant Room","North - East ","Main Road ","5 to 10 years","","N/A"
1 BHK, 539 Sq-ft Flat For Sale","10.51Lac","Dec2414","ParkJoggingandStrollingTrackSecurityWaterStorageLiftPowerBackUpGymnasium","Mahaniyam prathana salai,Mudichur,Manimangalam Road,Tambaram, West,Chennai., tambaram west, New Delhi - Dwarka","1","1","1","Unfurnished","Under Construction","2 ","4 ","N/A","N/A","N/A","N/A","Garden/Park , Main Road ","N/A","New Property","Freehold","136","N/A","N/A"
2 BHK, 80 Sq-yrd Flat For Sale","60.0Lac(Negotiable)","Dec2414","VaastuCompliantPipedGasReservedParkingWasteDisposalParkJoggingandStrollingTrackOutdoorTennisCourtsSecurityWaterStorageRainWaterHarvestingVisitorParking","Janakpuri, New Delhi - West - 110058","2","2","N/A","Semi-Furnished","Ready to Move","1 ","3 ","1 ","N/A","N/A","North - East ","Main Road ","5 to 10 years","Resale","Freehold","1","N/A","N/A"
2 BHK, 650 Sq-ft Builder Floor Apartment For Sale","23.75Lac","Dec2314","VaastuCompliantIntercomFacilityReservedParkingWasteDisposalWaterStorage","uttam nagar, Uttam Nagar, New Delhi - West - 110059","2","1","1","Furnished","Ready to Move","1 ","3 ","2 ","N/A","N/A","East ","N/A","New Construction","New Property","Freehold","3","N/A","N/A"
3 BHK, 1950 Sq-ft Flat For Sale","1.84Crore(Negotiable)","Dec2314","VaastuCompliantPipedGasIntercomFacilityMaintenanceStaffWasteDisposalWaterStorageDTHTelevisionFacilityConferenceRoomService/GoodsLiftVisitorParkingReservedParkingParkSecurityLaundryServiceLiftPowerBackUpRainWaterHarvesting","BRAHMA CGHS DWARKA SECTOR 7, Dwarka Sector 7, New Delhi - Dwarka - 110075","3","3","4","Semi-Furnished","Ready to Move","3 ","10 ","2 ","","","","","Servant Room","East ","Garden/Park ","5 to 10 years","N/A","N/A"
2 BHK, 950 Sq-ft Builder Floor Apartment For Sale","82.0Lac(Negotiable)","Dec2314","VaastuCompliantReservedParkingParkSecurityWaterStorageVisitorParking","Hauz Khas Village, Hauz Khas, New Delhi - South - 110016","2","2","N/A","Semi-Furnished","Ready to Move","1 ","3 ","3 ","","","","","","","","Servant Room","","N/A"
3 BHK, 1650 Sq-ft Flat For Sale","1.55Crore","Dec2214","ROWaterSystemPrivateTerrace/GardenVaastuCompliantPipedGasAirConditionedIntercomFacilityMaintenanceStaffWasteDisposalWaterStorageDTHTelevisionFacilityService/GoodsLiftVisitorParkingCafeteria/FoodCourtParkSecurityLiftPowerBackUpClubHouseRainWaterHarvestingGymnasium","KANAK DURGA APPTS SECTOR 12, Dwarka Sector 12, New Delhi - Dwarka - 110075","3","2","3","Furnished","Ready to Move","3 ","8 ","4 ","N/A","N/A","North - East ","Garden/Park , Main Road ","5 to 10 years","Resale","Freehold","1","N/A","N/A"
3 BHK, 1350 Sq-ft Flat For Sale","3.0Crore","Dec2214","MaintenanceStaffReservedParkingWasteDisposalParkSecurityWaterStorageLiftRainWaterHarvestingVisitorParking","patel nagar, Patel Nagar, New Delhi - West - 110008","3","3","2","Unfurnished","Under Construction","3 ","4 ","N/A","","","","","N/A","Store","North - East ","N/A","N/A","Dec, 15"
3 BHK, 135 Sq-yrd Builder Floor Apartment For Sale","43.0Lac","Dec2114","ROWaterSystemVaastuCompliantReservedParkingWasteDisposalSecurityWaterStorageRainWaterHarvestingVisitorParking","maidan garhi, Maidan Garhi, Chhattarpur, New Delhi - South - 110068","3","2","2","Furnished","Ready to Move","2 ","3 ","N/A","","N/A","","","","North ","Main Road ","N/A","N/A","N/A"
3 BHK, 1733 Sq-ft Flat For Sale","1.07Crore","Dec2114","ROWaterSystemInternet/Wi-FiConnectivityPrivateTerrace/GardenVaastuCompliantPipedGasIntercomFacilityMaintenanceStaffWasteDisposalBanquetHallWaterStorageDTHTelevisionFacilityService/GoodsLiftVisitorParkingReservedParkingParkSecurityLaundryServiceLiftPowerBackUpRainWaterHarvesting","Dwarka Sector 4., Aashirwaad Chowk, Dwarka, New Delhi - Dwarka - 110075","3","2","N/A","Semi-Furnished","Ready to Move","3 ","5 ","3 ","","","","","","","","Store","","N/A"
3 BHK, 1940 Sq-ft Flat For Sale","3.48Crore","Dec2114","ROWaterSystemInternet/Wi-FiConnectivityVaastuCompliantPipedGasAirConditionedIntercomFacilityMaintenanceStaffWasteDisposalWaterStorageDTHTelevisionFacilityConferenceRoomService/GoodsLiftVisitorParkingCafeteria/FoodCourtReservedParkingParkSecurityLaundryServiceLiftPowerBackUpClubHouseRainWaterHarvestingGymnasiumSwimmingPool","CWG, Commonwealth Games Village 2010, Patparganj, New Delhi - East - 110092","3","4","4","Furnished","Ready to Move","4 ","6 ","N/A","N/A","Servant Room","East ","Pool , Garden/Park ","Less than 5 years","Resale","Freehold","15","N/A","N/A"
5 BHK, 2831 Sq-ft Flat For Sale","5.70Crore","Dec2014","PipedGasAirConditionedReservedParkingParkSecurityWaterStorageLiftPowerBackUpVisitorParkingSwimmingPool","Common Wealth Games Village, East Facing, Commonwealth Games Village 2010, Patparganj, New Delhi - East","5","6","5","Semi-Furnished","Ready to Move","6 ","9 ","1 ","N/A","Servant Room","East ","Garden/Park ","New Construction","New Property","Freehold","1","N/A","N/A"
2 BHK, 975 Sq-ft Flat For Sale","31.25Lac","Dec2014","Internet/Wi-FiConnectivityPrivateTerrace/GardenVaastuCompliantPipedGasIntercomFacilityMaintenanceStaffWasteDisposalJoggingandStrollingTrackBanquetHallWaterStorageConferenceRoomService/GoodsLiftBar/LoungeVisitorParkingCafeteria/FoodCourtReservedParkingParkOutdoorTennisCourtsSecurityLaundryServiceLiftPowerBackUpClubHouseRainWaterHarvestingGymnasiumSwimmingPool","near Nirmal Dhaam, Dwarka Sector 21, New Delhi - Dwarka - 110076","2","2","2","Semi-Furnished","Under Construction","6 ","15 ","460 ","N/A","N/A","North - East ","Garden/Park , Pool , Main Road ","N/A","New Property","Freehold","300","N/A","Dec, 18"
2 BHK, 1000 Sq-ft Flat For Sale","1.10Crore","Dec2714","Internet/Wi-FiConnectivityAirConditionedIntercomFacilityMaintenanceStaffReservedParkingParkSecurityLaundryServiceWaterStorageDTHTelevisionFacilityVisitorParking","I.p.extension, Indraprastha Extension, Patparganj, New Delhi - East - 110092","2","2","N/A","Semi-Furnished","Ready to Move","2 ","4 ","N/A","N/A","Store","North ","Garden/Park , Main Road ","15 to 20 years","Resale","Freehold","N/A","N/A","N/A"
3 BHK, 2300 Sq-ft Flat For Sale","1.85Crore","Dec2714","Internet/Wi-FiConnectivityPrivateTerrace/GardenVaastuCompliantPipedGasIntercomFacilityMaintenanceStaffWasteDisposalJoggingandStrollingTrackWaterStorageService/GoodsLiftConferenceRoomVisitorParkingReservedParkingParkSecurityLiftPowerBackUpClubHouseRainWaterHarvesting","PRAGYA APARTMENT, SECTOR-2 , DWARKA , NEW DELHI, Dwarka Sector 2, New Delhi - Dwarka - 110075","3","4","4","Unfurnished","Ready to Move","5 ","10 ","4 ","","","","","","","","Servant Room","","N/A"
4 BHK, 2600 Sq-ft Flat For Sale","3.50Crore","Dec2714","ROWaterSystemIntercomFacilityMaintenanceStaffReservedParkingParkSecurityWaterStorageLiftPowerBackUpConferenceRoomRainWaterHarvestingVisitorParking","5TH FLOOR SHIVANI APARTMENTS, Dwarka Sector 12, New Delhi - Dwarka - 110077","4","4","4","Unfurnished","Ready to Move","5 ","10 ","4 ","","","","","Servant Room","North - East ","Garden/Park , Main Road ","Less than 5 years","N/A","N/A"
1 BHK, 500 Sq-ft Builder Floor Apartment For Sale","23.11Lac","Dec2714","PrivateTerrace/GardenVaastuCompliantIntercomFacilityMaintenanceStaffWasteDisposalWaterStorageBanquetHallDTHTelevisionFacilityVisitorParkingCafeteria/FoodCourtReservedParkingSecurityLiftPowerBackUpRainWaterHarvestingGymnasium","Uttam Nagar, New-Delhi, Delhi-NCR., Uttam Nagar, New Delhi - West - 110059","1","1","1","Furnished","Ready to Move","2 ","3 ","N/A","N/A","Store","East ","Main Road ","New Construction","New Property","Freehold","12","N/A","N/A"
2 BHK, 510 Sq-ft Builder Floor Apartment For Sale","29.0Lac","Dec2714","MaintenanceStaffSecurityVisitorParking","Mahavir enclave., Mahavir Enclave, New Delhi - Dwarka - 110045","2","1","N/A","Semi-Furnished","Ready to Move","2 ","4 ","N/A","N/A","N/A","West ","N/A","New Construction","New Property","Freehold","N/A","N/A","N/A"
3 BHK, 150 Sq-yrd Builder Floor Apartment For Sale","2.50Crore(Negotiable)","Dec2714","VaastuCompliantReservedParkingLiftVisitorParking","Safdarjung Enclave, New Delhi., Safdarjung Enclave, New Delhi - South","3","2","N/A","Semi-Furnished","Ready to Move","2 ","4 ","N/A","N/A","N/A","N/A","N/A","New Construction","Resale","N/A","N/A","N/A","N/A"
3 BHK, 1800 Sq-ft Flat For Sale","1.85Crore","Dec2614","ROWaterSystemVaastuCompliantPipedGasIntercomFacilityMaintenanceStaffWasteDisposalJoggingandStrollingTrackWaterStorageService/GoodsLiftConferenceRoomVisitorParkingReservedParkingParkOutdoorTennisCourtsSecurityLaundryServiceLiftPowerBackUpRainWaterHarvesting","Sector-18, Dwarka, Dwarka Sector 18, New Delhi - Dwarka - 110075","3","3","4","Semi-Furnished","Ready to Move","3 ","8 ","3 ","","","","","Puja Room, Servant Room","North - East ","Garden/Park ","Less than 5 years","N/A","N/A"
3 BHK, 1300 Sq-ft Flat For Sale","1.69Crore","Dec2614","ROWaterSystemInternet/Wi-FiConnectivityPrivateTerrace/GardenReservedParkingParkJoggingandStrollingTrackPowerBackUpConferenceRoomRainWaterHarvesting","ipextension patparganj, Patparganj, New Delhi - East - 110092","3","2","2","Semi-Furnished","Ready to Move","Ground ","4 ","N/A","","","","","","","","Store","","N/A"
3 BHK, 1500 Sq-ft Flat For Sale","1.50Crore","Dec2614","VaastuCompliantPipedGasIntercomFacilityMaintenanceStaffReservedParkingWasteDisposalParkJoggingandStrollingTrackOutdoorTennisCourtsSecurityWaterStorageLiftPowerBackUpService/GoodsLiftRainWaterHarvesting","Sector-2, Dwarka., Dwarka Sector 2, New Delhi - Dwarka - 110075","3","2","N/A","Semi-Furnished","Ready to Move","7 ","7 ","4 ","","","","","Study","North - East ","Garden/Park ","Less than 5 years","N/A","N/A"
2 BHK, 520 Sq-ft Flat For Sale","27.0Lac","Dec2614","VaastuCompliantWaterStoragePowerBackUpVisitorParking","Mahavir Enclave, Delhi, Mahavir Enclave Part 1, New Delhi - Dwarka - 110045","2","1","1","Semi-Furnished","Ready to Move","1 ","4 ","1 ","N/A","N/A","North - East ","Main Road ","New Construction","New Property","Freehold","2","N/A","N/A"
3 BHK, 900 Sq-ft Builder Floor Apartment For Sale","45.0Lac","Dec2614","ROWaterSystemVaastuCompliantWaterStorageVisitorParking","B-1/63 Sewak Park Dwarka More,Near NSIT Collage,Sector-3 Dwarka, Dwarka Mor, New Delhi - Dwarka - 110059","3","2","1","Semi-Furnished","Ready to Move","3 ","3 ","2 ","","N/A","","","","West ","Main Road ","New Construction","N/A","N/A"
3 BHK, 1850 Sq-ft Flat For Sale","1.85Crore","Dec2614","VaastuCompliantPipedGasIntercomFacilityMaintenanceStaffWasteDisposalJoggingandStrollingTrackWaterStorageDTHTelevisionFacilityVisitorParkingReservedParkingParkOutdoorTennisCourtsSecurityLaundryServiceLiftPowerBackUpRainWaterHarvesting","Sec-11, Plot-5B, Dwarka, Dwarka Sector 11, New Delhi - Dwarka - 110075","3","2","3","Semi-Furnished","Ready to Move","5 ","9 ","4 ","","","","","Study","North - East ","Garden/Park , Main Road ","Less than 5 years","N/A","N/A"
2 BHK, 560 Sq-ft Builder Floor Apartment For Sale","22.0Lac","Dec2614","IntercomFacilityReservedParking","Uttam Nagar West., Uttam Nagar, New Delhi - West - 110059","2","1","1","Semi-Furnished","Ready to Move","1 ","4 ","2 ","","N/A","","","","West ","N/A","N/A","N/A","N/A"
2 BHK, 540 Sq-ft Flat For Sale","30.0Lac","Dec2714","VaastuCompliantReservedParkingWasteDisposalWaterStorage","Uttam Nagar, New-Delhi, Delhi-NCR., Uttam Nagar, New Delhi - West - 110059","2","2","N/A","Semi-Furnished","Ready to Move","1 ","8 ","N/A","N/A","N/A","","N/A","","","North ","New Construction","","N/A"
3 BHK, 1650 Sq-ft Flat For Sale","1.35Crore","Dec2614","ROWaterSystemInternet/Wi-FiConnectivityPrivateTerrace/GardenVaastuCompliantPipedGasAirConditionedMaintenanceStaffWasteDisposalJoggingandStrollingTrackBanquetHallWaterStorageDTHTelevisionFacilityConferenceRoomService/GoodsLiftBar/LoungeVisitorParkingCafeteria/FoodCourtReservedParkingParkOutdoorTennisCourtsSecurityLaundryServiceLiftPowerBackUpClubHouseRainWaterHarvestingGymnasium","sec 4, dwarka, delhi, Dwarka Sector 4, New Delhi - Dwarka - 110075","3","2","3","Semi-Furnished","Ready to Move","2 ","8 ","2 ","","N/A","","","","","","","","N/A"
3 BHK, 120 Sq-yrd Builder Floor Apartment For Sale","1.10Crore","Dec2614","PipedGasReservedParkingWasteDisposalParkJoggingandStrollingTrackSecurityWaterStorageLiftRainWaterHarvestingVisitorParking","A-block sec-8 dwarka near queens vally school, A-block, New Delhi - Dwarka - 110075","3","3","1","Semi-Furnished","Ready to Move","1 ","4 ","1 ","N/A","Puja Room","North - East ","Garden/Park , Main Road ","New Construction","New Property","Freehold","4","N/A","N/A"
4 BHK, 2200 Sq-ft Flat For Sale","1.65Crore","Dec2614","ROWaterSystemInternet/Wi-FiConnectivityPrivateTerrace/GardenVaastuCompliantPipedGasIntercomFacilityMaintenanceStaffWasteDisposalWaterStorageBanquetHallDTHTelevisionFacilityConferenceRoomService/GoodsLiftVisitorParkingReservedParkingParkSecurityLaundryServicePowerBackUpRainWaterHarvesting","Dwarka Sector 19, Dwarka Sector 19, New Delhi - Dwarka - 110075","4","3","2","Unfurnished","Ready to Move","6 ","10 ","N/A","","","","N/A","","Store","North - East ","N/A","N/A","N/A"
3 BHK, 1460 Sq-ft Flat For Sale","1.90Crore","Dec2614","Internet/Wi-FiConnectivityVaastuCompliantPipedGasMaintenanceStaffParkJoggingandStrollingTrackSecurityLaundryServiceWaterStorageLiftService/GoodsLiftVisitorParking","vasant kunj south delhi., Vasant Kunj Sector D, New Delhi - South - 110070","3","2","3","Unfurnished","Ready to Move","8 ","8 ","N/A","N/A","Store","North - East ","Garden/Park , Main Road ","Less than 5 years","Resale","Freehold","N/A","N/A","N/A"
3 BHK, 715 Sq-ft Builder Floor Apartment For Sale","34.25Lac(Negotiable)","Dec2614","ROWaterSystemVaastuCompliantIntercomFacilityReservedParkingWasteDisposalWaterStorageDTHTelevisionFacilityRainWaterHarvestingVisitorParking","Uttam Nagar, New Delhi., Uttam Nagar, New Delhi - West - 110059","3","2","N/A","Furnished","Ready to Move","2 ","4 ","N/A","N/A","N/A","North - East ","Main Road ","New Construction","New Property","Freehold","3","N/A","N/A"
3 BHK, 120 Sq-yrd Builder Floor Apartment For Sale","54.51Lac","Dec2614","","Mahavir Enclave Part 1, New Delhi - Dwarka","3","2","N/A","Furnished","Ready to Move","2 ","4 ","N/A","N/A","N/A","N/A","N/A","New Construction","New Property","N/A","N/A","N/A","N/A"
2 BHK, 950 Sq-ft Flat For Sale","1.20Crore(Negotiable)","Dec2614","ROWaterSystemInternet/Wi-FiConnectivityPrivateTerrace/GardenVaastuCompliantAirConditionedIntercomFacilityMaintenanceStaffWasteDisposalJoggingandStrollingTrackBanquetHallWaterStorageDTHTelevisionFacilityConferenceRoomService/GoodsLiftBar/LoungeVisitorParkingCafeteria/FoodCourtReservedParkingParkSecurityLaundryServiceLiftPowerBackUpClubHouseRainWaterHarvestingGymnasium","Patparganj, New Delhi, Delhi-NCR., Patparganj, New Delhi - East - 110092","2","2","N/A","Semi-Furnished","Ready to Move","1 ","4 ","1 ","N/A","Store","North - East ","Garden/Park , Main Road ","15 to 20 years","Resale","Freehold","2","N/A","N/A"
4 BHK, 1480 Sq-ft Flat For Sale","2.10Crore","Dec2614","ROWaterSystemPipedGasAirConditionedIntercomFacilityMaintenanceStaffWasteDisposalJoggingandStrollingTrackWaterStorageService/GoodsLiftVisitorParkingReservedParkingParkSecurityLaundryServiceLiftPowerBackUpRainWaterHarvesting","i.p.extension1, Indraprastha Extension, Patparganj, New Delhi - East - 110092","4","3","2","Semi-Furnished","Ready to Move","6 ","7 ","2 ","N/A","Servant Room","North - East ","Garden/Park , Main Road ","15 to 20 years","Resale","Freehold","1","N/A","N/A"
2 BHK, 950 Sq-ft Flat For Sale","1.10Crore","Dec2614","PipedGasIntercomFacilityMaintenanceStaffReservedParkingWasteDisposalParkSecurityLaundryServiceWaterStoragePowerBackUpService/GoodsLiftVisitorParking","Patparganj Ip Extention East Delhi, Patparganj ip Extn, New Delhi - East - 110092","2","2","1","Semi-Furnished","Ready to Move","1 ","4 ","1 ","N/A","Store","East ","Garden/Park , Main Road ","10 to 15 years","Resale","Freehold","2","N/A","N/A"
4 BHK, 2400 Sq-ft Flat For Sale","2.70Crore","Dec2614","PrivateTerrace/GardenVaastuCompliantIntercomFacilityMaintenanceStaffReservedParkingWasteDisposalParkSecurityLaundryServiceWaterStoragePowerBackUpClubHouseVisitorParking","Sector -13, Rohini., Rohini Sector 13, New Delhi - Rohini - 110085","4","3","N/A","Unfurnished","Ready to Move","3 ","4 ","2 ","","","","","Study, Store","South -West ","Garden/Park , Main Road ","N/A","N/A","N/A"
2 BHK, 900 Sq-ft Builder Floor Apartment For Sale","26.50Lac(Negotiable)","Dec2614","ROWaterSystemInternet/Wi-FiConnectivityPrivateTerrace/GardenVaastuCompliantReservedParkingWasteDisposalParkWaterStoragePowerBackUpRainWaterHarvestingVisitorParking","Shastri Park, New Delhi, Delhi-NCR., Shastri Park, Shahdara, New Delhi - North - 110094","2","2","N/A","Furnished","Ready to Move","2 ","3 ","N/A","N/A","N/A","","","","North - East ","Garden/Park , Main Road ","New Construction","","N/A"
3 BHK, 1400 Sq-ft Flat For Sale","1.60Crore","Dec2614","VaastuCompliantReservedParkingWasteDisposalParkSecurityWaterStorageVisitorParking","srita vihar, Sarita Vihar Pocket A, New Delhi - South - 110024","3","2","2","Semi-Furnished","Ready to Move","2 ","3 ","N/A","","N/A","","N/A","","","North - East ","N/A","N/A","N/A"
2 BHK, 1150 Sq-ft Flat For Sale","1.07Crore","Dec2614","Internet/Wi-FiConnectivityPipedGasIntercomFacilityMaintenanceStaffReservedParkingParkSecurityBanquetHallWaterStorageLiftPowerBackUpVisitorParking","Dwarka Sector-6, New Delhi, Delhi-NCR., Dwarka Sector 6, New Delhi - Dwarka - 110077","2","2","N/A","Furnished","Ready to Move","1 ","4 ","N/A","","","N/A","","","Servant Room","Garden/Park ","5 to 10 years","N/A","N/A"
2 BHK, 675 Sq-ft Builder Floor Apartment For Sale","55.0Lac","Dec2614","ParkSecurity","C Block Hari Nagar, Hari Nagar, New Delhi - West - 110064","2","2","2","Unfurnished","Ready to Move","3 ","3 ","N/A","","N/A","","","","North ","Garden/Park , Main Road ","N/A","N/A","N/A"
3 BHK, 100 Sq-yrd Builder Floor Apartment For Sale","1.0Crore","Dec2614","ReservedParkingWasteDisposalParkSecurityWaterStorageLiftVisitorParking","Paschim Vihar, New Delhi, Delhi-NCR., Paschim Vihar, New Delhi - West - 110087","3","3","N/A","Semi-Furnished","Ready to Move","1 ","3 ","N/A","N/A","N/A","North ","N/A","N/A","New Property","N/A","N/A","N/A","N/A"
1 BHK, 550 Sq-ft Flat For Sale","61.0Lac","Dec2614","Internet/Wi-FiConnectivityVaastuCompliantPipedGasAirConditionedMaintenanceStaffReservedParkingWasteDisposalParkSecurityLaundryServiceWaterStorageLiftService/GoodsLiftVisitorParking","D-6, Vasant Kunj, New-Delhi, Delhi NCR., Vasant Kunj, New Delhi - South","1","2","1","Furnished","Ready to Move","4 ","5 ","N/A","N/A","N/A","N/A","","","","Garden/Park ","New Construction","","N/A"
3 BHK, 1600 Sq-ft Builder Floor Apartment For Sale","3.15Crore","Dec2514","VaastuCompliantReservedParkingWasteDisposalParkWaterStorageVisitorParking","Vasant Kunj, New Delhi, Delhi-NCR., Vasant Kunj, New Delhi - South - 110070","3","2","N/A","Furnished","Ready to Move","Ground ","3 ","N/A","N/A","N/A","N/A","Garden/Park ","5 to 10 years","Resale","Freehold","0","N/A","N/A"
3 BHK, 675 Sq-ft Builder Floor Apartment For Sale","36.0Lac(Negotiable)","Dec2514","ROWaterSystemInternet/Wi-FiConnectivityIntercomFacilityReservedParkingWasteDisposalSecurityWaterStorageLiftDTHTelevisionFacilityRainWaterHarvestingVisitorParking","Uttam Nagar, New-Delhi, Delhi-NCR., Uttam Nagar, New Delhi - West - 110059","3","2","N/A","Semi-Furnished","Ready to Move","1 ","4 ","N/A","N/A","N/A","","","N/A","","North ","Main Road ","","N/A"
3 BHK, 1400 Sq-ft Flat For Sale","1.55Crore","Dec2514","ROWaterSystemInternet/Wi-FiConnectivityPipedGasMaintenanceStaffReservedParkingParkSecurityWaterStorageLiftDTHTelevisionFacilityPowerBackUpVisitorParking","Indraprastha Extension, New Delhi., Indraprastha Extension, Patparganj, New Delhi - East - 110092","3","2","2","Semi-Furnished","Ready to Move","6 ","7 ","N/A","N/A","N/A","","","","East ","Garden/Park ","Above 20 years","","N/A"
3 BHK, 70 Sq-yrd Builder Floor Apartment For Sale","24.0Lac","Dec2514","VaastuCompliantIntercomFacilityWaterStorageVisitorParkingGymnasium","Galino. 19 Rajapuri uttam nagar delhi, Raja Puri, Matiala, New Delhi - West - 110059","3","2","1","Semi-Furnished","Ready to Move","2 ","4 ","2 ","N/A","","","","Store","North - West ","Main Road ","New Construction","","N/A"
3 BHK, 1700 Sq-ft Flat For Sale","1.46Crore","Dec2514","ROWaterSystemInternet/Wi-FiConnectivityPrivateTerrace/GardenVaastuCompliantPipedGasIntercomFacilityMaintenanceStaffWasteDisposalWaterStorageService/GoodsLiftVisitorParkingReservedParkingParkSecurityLaundryServiceLiftPowerBackUpClubHouseRainWaterHarvesting","true frainds apartment secter 6 dwarka new delhi, Dwarka Sector 6, New Delhi - Dwarka - 110075","3","4","4","Furnished","Ready to Move","4 ","7 ","1 ","","","","","Store","North - East ","Garden/Park ","5 to 10 years","N/A","N/A"
3 BHK, 1150 Sq-ft Flat For Sale","2.70Crore","Dec2514","ROWaterSystemIntercomFacilityMaintenanceStaffWasteDisposalParkSecurityLaundryServiceWaterStorageLiftPowerBackUpService/GoodsLiftRainWaterHarvestingVisitorParking","mayur vihar phase1, mayur vihar phase1, New Delhi - East - 110091","3","3","3","Semi-Furnished","Ready to Move","2 ","7 ","2 ","N/A","Store","East ","Garden/Park , Main Road ","10 to 15 years","Resale","Freehold","1","N/A","N/A"
3 BHK, 1860 Sq-ft Flat For Sale","1.71Crore","Dec2514","ROWaterSystemInternet/Wi-FiConnectivityVaastuCompliantPipedGasIntercomFacilityMaintenanceStaffWasteDisposalJoggingandStrollingTrackBanquetHallWaterStorageDTHTelevisionFacilityConferenceRoomService/GoodsLiftVisitorParkingReservedParkingParkOutdoorTennisCourtsSecurityLaundryServiceLiftPowerBackUpRainWaterHarvesting","PLOT NO 12 SECTOR 22 UDYOG VIHAR APARTMENT, SECTOR 22 DWARKA UDYOG VIHAR, New Delhi - 110075","3","3","4","Semi-Furnished","Ready to Move","5 ","10 ","2 ","N/A","N/A","North - East ","Garden/Park , Main Road ","New Construction","New Property","Freehold","1","N/A","N/A"
3 BHK, 760 Sq-ft Builder Floor Apartment For Sale","30.21Lac","Dec2514","ROWaterSystemPrivateTerrace/GardenVaastuCompliantIntercomFacilityReservedParkingWasteDisposalSecurityWaterStorageLiftRainWaterHarvestingVisitorParking","Uttam Nagar, Uttam Nagar, New Delhi - West - 110059","3","2","1","Semi-Furnished","Ready to Move","2 ","4 ","4 ","","","","","","","","Puja Room","","N/A"
3 BHK, 1750 Sq-ft Flat For Sale","1.53Crore","Dec2514","ROWaterSystemInternet/Wi-FiConnectivityPrivateTerrace/GardenVaastuCompliantPipedGasIntercomFacilityMaintenanceStaffWasteDisposalJoggingandStrollingTrackBanquetHallWaterStorageDTHTelevisionFacilityConferenceRoomService/GoodsLiftVisitorParkingCafeteria/FoodCourtReservedParkingParkOutdoorTennisCourtsSecurityLaundryServiceLiftPowerBackUpRainWaterHarvestingGymnasium","Sector-6, Dwarka, Dwarka Sector 6, New Delhi - Dwarka - 110075","3","3","2","Semi-Furnished","Ready to Move","5 ","10 ","4 ","","","","","Store","North - East ","Garden/Park ","Less than 5 years","N/A","N/A"
3 BHK, 1700 Sq-ft Flat For Sale","1.55Crore","Dec2514","ROWaterSystemInternet/Wi-FiConnectivityVaastuCompliantIntercomFacilityMaintenanceStaffReservedParkingWasteDisposalParkSecurityLaundryServiceWaterStorageLiftPowerBackUpRainWaterHarvestingVisitorParking","Sector-6, Dwarka, New Delhi - Dwarka - 110075","3","3","4","Semi-Furnished","Ready to Move","4 ","8 ","N/A","","","","","Store","East ","Garden/Park , Main Road ","N/A","N/A","N/A"
5 BHK, 3755 Sq-ft Flat For Sale","7.85Crore","Dec2514","ROWaterSystemInternet/Wi-FiConnectivityPrivateTerrace/GardenVaastuCompliantPipedGasAirConditionedIntercomFacilityMaintenanceStaffWasteDisposalWaterStorageDTHTelevisionFacilityConferenceRoomService/GoodsLiftVisitorParkingCafeteria/FoodCourtReservedParkingParkSecurityLaundryServiceLiftPowerBackUpClubHouseRainWaterHarvestingGymnasiumSwimmingPool","Commonwealth Games village 2010, New Delhi, Commonwealth Games Village 2010, Patparganj, New Delhi - East - 110090","5","6","5","Semi-Furnished","Ready to Move","4 ","8 ","4 ","N/A","","","","Store, Servant Room","East ","Garden/Park , Pool , Main Road ","Less than 5 years","","N/A"
2 BHK, 700 Sq-ft Builder Floor Apartment For Sale","35.0Lac","Dec2514","ReservedParkingWasteDisposalWaterStorage","Laxmi nagr, Laxmi Nagar, Laxmi Nagar, New Delhi - East - 110092","2","2","N/A","Semi-Furnished","Ready to Move","1 ","4 ","N/A","N/A","N/A","South - East ","N/A","Less than 5 years","Resale","Freehold","N/A","N/A","N/A"
2 BHK, 50 Sq-yrd Builder Floor Apartment For Sale","26.50Lac","Dec2514","VaastuCompliantWaterStorageDTHTelevisionFacility","GOVINDPURI, Govindpuri Main, New Delhi - South - 110019","2","2","N/A","Semi-Furnished","Ready to Move","2 ","4 ","1 ","N/A","N/A","N/A","N/A","New Construction","New Property","Freehold","N/A","N/A","N/A"
4 BHK, 2000 Sq-ft Flat For Sale","1.85Crore(Negotiable)","Dec2514","ROWaterSystemInternet/Wi-FiConnectivityVaastuCompliantPipedGasIntercomFacilityMaintenanceStaffWasteDisposalJoggingandStrollingTrackWaterStorageDTHTelevisionFacilityService/GoodsLiftVisitorParkingReservedParkingParkSecurityLaundryServiceLiftPowerBackUpRainWaterHarvesting","Dwarka Sector-19, New-Delhi, Delhi-NCR., Dwarka Sector 19, New Delhi - Dwarka","4","3","N/A","Furnished","Ready to Move","4 ","10 ","4 ","N/A","N/A","North - West ","Garden/Park , Main Road ","Less than 5 years","Resale","Freehold","1","N/A","N/A"
2 BHK, 700 Sq-ft Builder Floor Apartment For Sale","25.25Lac","Dec2514","VaastuCompliantPipedGasVisitorParking","subhash park uttam nagar n. delhi-59, Uttam Nagar, New Delhi - West - 110059","2","2","2","Semi-Furnished","Ready to Move","2 ","2 ","201 ","N/A","N/A","","N/A","","","East ","5 to 10 years","","N/A"
3 BHK, 762 Sq-ft Builder Floor Apartment For Sale","26.0Lac","Dec2514","VaastuCompliantIntercomFacilityReservedParkingVisitorParking","Raja puri uttam nagar, Raja puri uttam nagar, New Delhi - West - 110059","3","2","1","Unfurnished","Ready to Move","2 ","4 ","2 ","","","","","","","","Puja Room","","N/A"
4 BHK, 1850 Sq-ft Flat For Sale","2.25Crore","Dec2514","Internet/Wi-FiConnectivityPrivateTerrace/GardenVaastuCompliantIntercomFacilityMaintenanceStaffWasteDisposalWaterStorageDTHTelevisionFacilityService/GoodsLiftVisitorParkingReservedParkingParkSecurityLaundryServiceLiftPowerBackUpRainWaterHarvesting","sector 9, Dwarka Sector 9, New Delhi - Dwarka - 110075","4","3","3","Semi-Furnished","Ready to Move","1 ","8 ","N/A","","N/A","","","","North - East ","Garden/Park ","N/A","N/A","N/A"
3 BHK, 1250 Sq-ft Flat For Sale","1.90Crore","Dec2514","Internet/Wi-FiConnectivityVaastuCompliantPipedGasMaintenanceStaffReservedParkingWasteDisposalParkSecurityLaundryServiceWaterStorageLiftPowerBackUpService/GoodsLiftRainWaterHarvestingVisitorParking","301 Anand lok Apartment Mayur vihar Phase-1, Supreme Enclave, Mayur Vihar, New Delhi - North - 110091","3","3","2","Semi-Furnished","Ready to Move","3 ","7 ","3 ","","N/A","","","","North - East ","Garden/Park , Main Road ","15 to 20 years","N/A","N/A"
5 BHK, 2350 Sq-ft Flat For Sale","2.68Crore","Dec2514","VaastuCompliantPipedGasIntercomFacilityMaintenanceStaffReservedParkingWasteDisposalParkSecurityLaundryServiceWaterStorageLiftDTHTelevisionFacilityPowerBackUpRainWaterHarvestingVisitorParking","Dwarka Sector-10, New Delhi, Delhi-NCR., Dwarka Sector 10, New Delhi - Dwarka - 110075","5","5","N/A","Furnished","Ready to Move","5 ","9 ","4 ","N/A","Servant Room","North - East ","Garden/Park , Main Road ","Less than 5 years","Resale","Freehold","1","N/A","N/A"
3 BHK, 100 Sq-yrd Builder Floor Apartment For Sale","65.0Lac","Dec2514","ROWaterSystemInternet/Wi-FiConnectivityAirConditionedMaintenanceStaffReservedParkingParkBanquetHallWaterStorageLiftDTHTelevisionFacilityPowerBackUpConferenceRoomVisitorParkingCafeteria/FoodCourtSwimmingPool","Ram Nagar, Shahdara, New-Delhi., Shahdara, New Delhi - North","3","2","2","Furnished","Ready to Move","3 ","4 ","N/A","N/A","N/A","North - East ","Main Road ","Less than 5 years","New Property","Freehold","N/A","N/A","N/A"
2 BHK, 950 Sq-ft Flat For Sale","1.15Crore","Dec2514","ROWaterSystemInternet/Wi-FiConnectivityPipedGasAirConditionedIntercomFacilityMaintenanceStaffReservedParkingWasteDisposalParkSecurityLaundryServiceWaterStorageDTHTelevisionFacilityPowerBackUpRainWaterHarvestingVisitorParking","Indraprashtha Extn, New Delhi, Delhi-NCR., Indraprastha Extension, Patparganj, New Delhi - East - 110092","2","2","N/A","Semi-Furnished","Ready to Move","2 ","4 ","N/A","N/A","","","","Study","North - East ","Garden/Park ","Above 20 years","","N/A"
3 BHK, 1700 Sq-ft Flat For Sale","1.55Crore","Dec2514","ROWaterSystemInternet/Wi-FiConnectivityPrivateTerrace/GardenVaastuCompliantPipedGasAirConditionedIntercomFacilityMaintenanceStaffWasteDisposalJoggingandStrollingTrackBanquetHallWaterStorageDTHTelevisionFacilityConferenceRoomService/GoodsLiftBar/LoungeVisitorParkingCafeteria/FoodCourtReservedParkingParkOutdoorTennisCourtsSecurityLaundryServiceLiftPowerBackUpClubHouseRainWaterHarvestingGymnasiumSwimmingPool","raj vihar C.G.H.S Ltd sectoe-18A Dwarka new delhi, Dwarka Sector 18A, New Delhi - Dwarka - 110078","3","2","4","Semi-Furnished","Ready to Move","5 ","10 ","4 ","N/A","Store","North - East ","Garden/Park , Main Road ","Less than 5 years","New Property","Freehold","2","N/A","N/A"
3 BHK, 1740 Sq-ft Flat For Sale","2.50Crore","Dec2514","ROWaterSystemInternet/Wi-FiConnectivityPrivateTerrace/GardenVaastuCompliantPipedGasIntercomFacilityMaintenanceStaffWasteDisposalBanquetHallWaterStorageDTHTelevisionFacilityConferenceRoomService/GoodsLiftBar/LoungeVisitorParkingCafeteria/FoodCourtReservedParkingParkSecurityLaundryServiceLiftPowerBackUpClubHouseRainWaterHarvestingGymnasium","plot no-2 beverly park sector 22 dwarka new delhi, Dwarka Sector 22, New Delhi - Dwarka - 110077","3","3","3","Furnished","Ready to Move","4 ","10 ","4 ","","","","","","","","Store, Servant Room","","N/A"
3 BHK, 900 Sq-ft Builder Floor Apartment For Sale","35.0Lac","Dec2514","ROWaterSystemVaastuCompliantIntercomFacilityMaintenanceStaffWasteDisposalBanquetHallWaterStorageDTHTelevisionFacilityVisitorParkingReservedParkingParkSecurityLaundryServiceLiftPowerBackUpRainWaterHarvestingGymnasium","Uttam Nagar, New Delhi., Uttam Nagar, New Delhi - West - 110059","3","2","N/A","Semi-Furnished","Ready to Move","2 ","4 ","N/A","N/A","Servant Room","East ","Main Road ","N/A","New Property","Freehold","8","N/A","N/A"
3 BHK, 850 Sq-ft Builder Floor Apartment For Sale","40.0Lac","Dec2514","ROWaterSystemInternet/Wi-FiConnectivityPrivateTerrace/GardenVaastuCompliantIntercomFacilityMaintenanceStaffWasteDisposalJoggingandStrollingTrackBanquetHallWaterStorageDTHTelevisionFacilityService/GoodsLiftBar/LoungeVisitorParkingCafeteria/FoodCourtReservedParkingParkOutdoorTennisCourtsSecurityLaundryServiceLiftPowerBackUpRainWaterHarvestingGymnasium","Kiran Garden, Uttam Nagar, New Delhi, Delhi-NCR., Uttam Nagar, New Delhi - West - 110059","3","2","N/A","Furnished","Ready to Move","1 ","4 ","N/A","N/A","N/A","","","","East ","Main Road ","N/A","","N/A"
3 BHK, 120 Sq-yrd Builder Floor Apartment For Sale","55.0Lac","Dec2514","ROWaterSystemVaastuCompliantReservedParkingWaterStorageVisitorParking","D-1/115;, Near Relaxo Showroom, Street No. : 7, Mahavir Enclave, New Delhi, Delhi NCR, India, Mahavir Enclave Part 1, New Delhi - Dwarka - 110045","3","2","2","Semi-Furnished","Ready to Move","1 ","4 ","1 ","N/A","N/A","West ","Main Road ","New Construction","New Property","Freehold","1","N/A","N/A"
2 BHK, 1000 Sq-ft Flat For Sale","1.05Crore","Dec2514","MaintenanceStaffReservedParkingWasteDisposalParkSecurityLaundryServiceWaterStorageDTHTelevisionFacilityPowerBackUpRainWaterHarvestingVisitorParking","Sarita Vihar, New Delhi., Sarita Vihar, New Delhi - South","2","2","N/A","Furnished","Ready to Move","1 ","4 ","N/A","N/A","N/A","N/A","N/A","10 to 15 years","New Property","N/A","N/A","N/A","N/A"
3 BHK, 1550 Sq-ft Flat For Sale","1.18Crore","Dec2514","ROWaterSystemPipedGasMaintenanceStaffWasteDisposalParkSecurityWaterStorageLiftPowerBackUpRainWaterHarvestingVisitorParking","Dwarka, New Delhi - Dwarka - 110075","3","2","2","Semi-Furnished","Ready to Move","1 ","8 ","4 ","","N/A","","","","North - East ","Garden/Park , Main Road ","5 to 10 years","N/A","N/A"
3 BHK, 1800 Sq-ft Flat For Sale","1.50Crore","Dec2514","ROWaterSystemInternet/Wi-FiConnectivityVaastuCompliantPipedGasIntercomFacilityMaintenanceStaffReservedParkingWasteDisposalParkSecurityWaterStorageLiftDTHTelevisionFacilityPowerBackUpService/GoodsLiftClubHouseRainWaterHarvesting","Dwarka, New Delhi, Delhi-NCR., Dwarka, New Delhi - Dwarka - 110075","3","2","N/A","Furnished","Ready to Move","4 ","7 ","N/A","N/A","Study","East ","Main Road ","5 to 10 years","New Property","Freehold","1","N/A","N/A"
3 BHK, 1450 Sq-ft Flat For Sale","1.20Crore","Dec2514","PipedGasIntercomFacilityMaintenanceStaffReservedParkingParkSecurityWaterStorageLiftDTHTelevisionFacilityPowerBackUpRainWaterHarvestingVisitorParking","I.p.extension, Indraprastha Extension, Patparganj, New Delhi - East - 11092","3","2","1","Furnished","Ready to Move","2 ","4 ","N/A","N/A","N/A","North - East ","Garden/Park , Main Road ","15 to 20 years","Resale","Freehold","N/A","N/A","N/A"
3 BHK, 1300 Sq-ft Flat For Sale","2.85Crore","Dec2514","VaastuCompliantWasteDisposalVisitorParking","Vasant Kunj, New Delhi, Delhi-NCR., Vasant Kunj, New Delhi - South - 110070","3","2","N/A","Unfurnished","Ready to Move","Ground ","4 ","N/A","N/A","N/A","N/A","N/A","15 to 20 years","Resale","Freehold","N/A","N/A","N/A"
3 BHK, 1500 Sq-ft Builder Floor Apartment For Sale","3.30Crore","Dec2514","ROWaterSystemInternet/Wi-FiConnectivityPrivateTerrace/GardenVaastuCompliantPipedGasAirConditionedIntercomFacilityMaintenanceStaffWasteDisposalBanquetHallWaterStorageDTHTelevisionFacilityConferenceRoomBar/LoungeVisitorParkingCafeteria/FoodCourtReservedParkingParkSecurityLaundryServiceLiftPowerBackUpClubHouseRainWaterHarvestingGymnasiumSwimmingPool","Chittaranjan Park, New Delhi, Delhi-NCR., Chittaranjan Park, New Delhi - South - 110019","3","3","N/A","Semi-Furnished","Ready to Move","Ground ","3 ","N/A","N/A","","","","Puja Room, Servant Room","East ","Garden/Park ","New Construction","","N/A"
2 BHK, 1100 Sq-ft Builder Floor Apartment For Sale","45.0Lac","Dec2514","VaastuCompliantReservedParkingWaterStorageDTHTelevisionFacilityVisitorParking","Arjun Nagar, Arjun Nagar, Safdarjung Enclave, New Delhi - South - 110029","2","2","1","Semi-Furnished","Ready to Move","3 ","4 ","1 ","","","","","","","","Store","","N/A"
3 BHK, 1872 Sq-ft Builder Floor Apartment For Sale","3.23Crore","Dec2514","ROWaterSystemInternet/Wi-FiConnectivityPrivateTerrace/GardenVaastuCompliantIntercomFacilityWasteDisposalSecurityWaterStorageLiftPowerBackUpRainWaterHarvesting","S - Block., Greater Kailash 1, New Delhi - South","3","3","N/A","Semi-Furnished","Ready to Move","2 ","4 ","N/A","N/A","","N/A","N/A","","","Servant Room","N/A","","N/A"
1 BHK, 58 Sq-m Flat For Sale","82.0Lac","Dec2514","VaastuCompliantAirConditionedMaintenanceStaffReservedParkingWasteDisposalParkSecurityWaterStorageLiftPowerBackUpVisitorParking","Vasant Kunj, New-Delhi, Delhi-NCR., Vasant Kunj, New Delhi - South","1","2","N/A","Furnished","Ready to Move","Ground ","4 ","N/A","N/A","N/A","N/A","N/A","N/A","Resale","N/A","N/A","N/A","N/A"
2 BHK, 900 Sq-ft Flat For Sale","91.0Lac","Dec2514","VaastuCompliantMaintenanceStaffReservedParkingWasteDisposalParkJoggingandStrollingTrackOutdoorTennisCourtsSecurityWaterStorageRainWaterHarvesting","Sector-12, Dwarka, Dwarka Sector 12, New Delhi - Dwarka - 110075","2","1","1","Semi-Furnished","Ready to Move","1 ","4 ","2 ","N/A","N/A","North - East ","Main Road ","5 to 10 years","Resale","Freehold","2","N/A","N/A"
3 BHK, 1879 Sq-ft Flat For Sale","1.69Crore","Dec2514","ROWaterSystemPrivateTerrace/GardenVaastuCompliantPipedGasAirConditionedIntercomFacilityMaintenanceStaffWasteDisposalWaterStorageBanquetHallConferenceRoomService/GoodsLiftVisitorParkingCafeteria/FoodCourtReservedParkingParkOutdoorTennisCourtsSecurityLaundryServiceLiftPowerBackUpRainWaterHarvesting","3rd/f plot no 12 udyog vihar cghs sec 22 dwarka, Dwarka Sector 22, New Delhi - Dwarka - 110075","3","3","N/A","Semi-Furnished","Ready to Move","3 ","10 ","2 ","N/A","Store","East ","Garden/Park , Pool , Main Road ","Less than 5 years","Resale","Freehold","1","N/A","N/A"
3 BHK, 1800 Sq-ft Flat For Sale","2.40Crore","Dec2514","ROWaterSystemVaastuCompliantPipedGasMaintenanceStaffWasteDisposalParkSecurityLaundryServiceBanquetHallWaterStorageRainWaterHarvesting","Vasant Kunj, Vasant Kunj, New Delhi - South - 110070","3","2","N/A","Semi-Furnished","Ready to Move","1 ","3 ","1 ","N/A","","","","Puja Room","North - East ","Main Road ","15 to 20 years","","N/A"
2 BHK, 800 Sq-ft Builder Floor Apartment For Sale","1.0Crore","Dec2514","ROWaterSystemInternet/Wi-FiConnectivityPipedGasAirConditionedIntercomFacilityMaintenanceStaffReservedParkingWasteDisposalParkSecurityLaundryServiceWaterStorageDTHTelevisionFacilityService/GoodsLiftVisitorParking","Saket, New Delhi, Saket, New Delhi - South - 110017","2","2","N/A","Furnished","Ready to Move","Ground ","4 ","1 ","N/A","","","","Store","East ","Garden/Park , Main Road ","Less than 5 years","","N/A"
2 BHK, 850 Sq-ft Builder Floor Apartment For Sale","38.0Lac","Dec2514","ROWaterSystemVaastuCompliantIntercomFacilityWaterStorageVisitorParking","mg road ghitorni, mg road ghitorni, New Delhi - South - 110030","2","2","1","Semi-Furnished","Ready to Move","2 ","4 ","2 ","N/A","","","","Puja Room","North ","Main Road ","Less than 5 years","","N/A"
2 BHK, 1100 Sq-ft Builder Floor Apartment For Sale","43.0Lac(Negotiable)","Dec2514","PrivateTerrace/GardenVaastuCompliantMaintenanceStaffWasteDisposalWaterStorageBanquetHallDTHTelevisionFacilityConferenceRoomBar/LoungeCafeteria/FoodCourtReservedParkingParkSecurityLaundryServiceClubHouseGymnasiumSwimmingPool","Sultanpur, New Delhi - South - 110030","2","2","N/A","Semi-Furnished","Ready to Move","Ground ","4 ","N/A","N/A","Store","South ","Main Road ","New Construction","New Property","Freehold","1","N/A","N/A"
1 BHK, 500 Sq-ft Flat For Sale","52.0Lac","Dec2514","PipedGasReservedParkingParkSecurityPowerBackUp","Dwarka Sector-11 dda flats, Dwarka Sector 11, New Delhi - Dwarka - 110075","1","1","1","Semi-Furnished","Ready to Move","1 ","4 ","5 ","","N/A","","","","East ","Garden/Park ","5 to 10 years","N/A","N/A"
4 BHK, 155 Sq-yrd Builder Floor Apartment For Sale","95.0Lac","Dec2514","VaastuCompliantPipedGasWasteDisposalWaterStorageBanquetHallDTHTelevisionFacilityConferenceRoomBar/LoungeVisitorParkingCafeteria/FoodCourtReservedParkingParkSecurityLaundryServiceLiftClubHouseGymnasiumSwimmingPool","ROHINI, Sector-25 Rohini, New Delhi - Rohini - 110085","4","4","4","Semi-Furnished","Ready to Move","1 ","4 ","1 ","","","","","","","","Store","","N/A"
2 BHK, 50 Sq-yrd Builder Floor Apartment For Sale","24.99Lac","Dec2514","VaastuCompliantWaterStorageLift","uttam nagar west metro station opp.pillar no.691, Uttam Nagar, New Delhi - West - 110059","2","2","1","Semi-Furnished","Ready to Move","1 ","4 ","2 ","N/A","N/A","N/A","Main Road ","New Construction","New Property","Freehold","4","N/A","N/A"
4 BHK, 130 Sq-yrd Builder Floor Apartment For Sale","70.0Lac","Dec2514","VaastuCompliantReservedParkingWaterStorageLiftPowerBackUp","A-43-44-MOHAN GARDEN DWARKA MOR METRO STTION, MOHAN GARDEN, New Delhi - West - 110059","4","4","1","Semi-Furnished","Under Construction","1 ","4 ","4 ","N/A","N/A","North - West ","N/A","N/A","New Property","Freehold","4","N/A","N/A"
2 BHK, 700 Sq-ft Builder Floor Apartment For Sale","36.0Lac","Dec2514","VaastuCompliantMaintenanceStaffSecurityRainWaterHarvestingVisitorParking","SULTANPUR MANDI ROAD, SULTANPUR, New Delhi - 110030","2","2","1","Semi-Furnished","Ready to Move","2 ","4 ","3 ","N/A","N/A","East ","Main Road ","New Construction","New Property","Freehold","6","N/A","N/A"
2 BHK, 550 Sq-ft Builder Floor Apartment For Sale","19.75Lac","Dec2514","VaastuCompliantReservedParkingSecurity","uttam nagar west, Uttam Nagar, New Delhi - West - 110059","2","2","1","Semi-Furnished","Ready to Move","1 ","4 ","1 ","N/A","Study, Store","East ","Main Road ","New Construction","Resale","Freehold","2","N/A","N/A"
2 BHK, 1200 Sq-ft Flat For Sale","1.80Crore","Dec2514","VaastuCompliantWasteDisposalParkSecurityVisitorParking","Vasant Kunj., Vasant Kunj Sector B, New Delhi - South","2","2","N/A","Semi-Furnished","Ready to Move","Ground ","4 ","N/A","N/A","N/A","North - East ","N/A","5 to 10 years","Resale","Freehold","1","N/A","N/A"
3 BHK, 950 Sq-ft Builder Floor Apartment For Sale","65.0Lac","Dec2514","ParkLift","rohini sec-25, rohini sec-25 new delhi-110085, New Delhi - Rohini - 110085","3","2","N/A","Semi-Furnished","Ready to Move","1 ","4 ","N/A","N/A","N/A","N/A","N/A","New Construction","New Property","N/A","N/A","N/A","N/A"
4 BHK, 2200 Sq-ft Builder Floor Apartment For Sale","3.20Crore","Dec2514","","Jasola, New Delhi, Delhi-NCR., Jasola, New Delhi - South - 110025","4","5","N/A","Semi-Furnished","Ready to Move","1 ","3 ","N/A","N/A","Puja Room","South - East ","Garden/Park ","New Construction","Resale","Freehold","3","N/A","N/A"
2 BHK, 700 Sq-ft Builder Floor Apartment For Sale","25.0Lac","Dec2514","","Sultanpur, New Delhi - South - 110030","2","2","1","Semi-Furnished","Ready to Move","4 ","4 ","N/A","N/A","N/A","East ","N/A","New Construction","Resale","N/A","N/A","N/A","N/A"
2 BHK, 84 Sq-yrd Builder Floor Apartment For Sale","62.0Lac","Dec2514","ROWaterSystemWasteDisposalParkWaterStorage","Paschim Vihar, New Delhi - West - 110063","2","2","1","Semi-Furnished","Ready to Move","2 ","4 ","N/A","","","","","Puja Room","East ","Garden/Park , Main Road ","N/A","N/A","N/A"
3 BHK, 250 Sq-yrd Builder Floor Apartment For Sale","7.50Crore","Dec2514","Internet/Wi-FiConnectivityAirConditionedReservedParkingParkWaterStorageLiftPowerBackUpConferenceRoomService/GoodsLiftVisitorParking","Anand Niketan, New-Delhi, Delhi-NCR., Anand Niketan, New Delhi - South - 110021","3","3","N/A","Semi-Furnished","Ready to Move","2 ","4 ","N/A","N/A","N/A","North - East ","Garden/Park ","New Construction","New Property","Freehold","1","N/A","N/A"
4 BHK, 2500 Sq-ft Flat For Sale","2.25Crore","Dec2414","ROWaterSystemPrivateTerrace/GardenVaastuCompliantPipedGasIntercomFacilityMaintenanceStaffReservedParkingParkSecurityWaterStorageLiftPowerBackUpVisitorParking","Sector 19 Solomen Heights, Dwarka Sector 19, New Delhi - Dwarka - 110075","4","4","5","Semi-Furnished","Ready to Move","5 ","10 ","2 ","","N/A","","","","North - East ","Garden/Park ","5 to 10 years","N/A","N/A"
3 BHK, 133 Sq-yrd Builder Floor Apartment For Sale","1.45Crore","Dec2414","PipedGasReservedParkingWasteDisposalParkSecurityWaterStorageLiftVisitorParking","Paschim Vihar, New-Delhi, Delhi-NCR., Paschim Vihar, New Delhi - West - 110063","3","3","N/A","Furnished","Ready to Move","2 ","4 ","N/A","N/A","N/A","N/A","Garden/Park ","New Construction","New Property","Freehold","1","N/A","N/A"
3 BHK, 900 Sq-ft Builder Floor Apartment For Sale","60.0Lac(Negotiable)","Dec2414","VaastuCompliantIntercomFacilityReservedParkingWaterStorageLift","Uttam Nagar, New-Delhi, Delhi-NCR., Uttam Nagar, New Delhi - West - 110059","3","2","N/A","Semi-Furnished","Ready to Move","4 ","4 ","8 ","N/A","N/A","East ","Main Road ","New Construction","New Property","Freehold","1","N/A","N/A"
3 BHK, 1950 Sq-ft Flat For Sale","1.72Crore","Dec2414","VaastuCompliantPipedGasIntercomFacilityMaintenanceStaffReservedParkingWasteDisposalParkSecurityWaterStorageLiftPowerBackUpService/GoodsLiftVisitorParking","PRAGHYA APARTMENT, Sector-2, Dwarka, delhi., Dwarka Sector 2, New Delhi - Dwarka - 110075","3","3","3","Semi-Furnished","Ready to Move","10 ","10 ","2 ","","","","","Servant Room","West ","Garden/Park , Main Road ","Less than 5 years","N/A","N/A"
2 BHK, 1150 Sq-ft Flat For Sale","1.25Crore","Dec2414","Internet/Wi-FiConnectivityVaastuCompliantPipedGasIntercomFacilityMaintenanceStaffReservedParkingParkSecurityLaundryServiceWaterStorageLiftDTHTelevisionFacilityPowerBackUpConferenceRoomVisitorParking","patparganj delhi 1100921, Indraprastha Extension, Patparganj, New Delhi - East - 110092","2","2","1","Semi-Furnished","Ready to Move","4 ","7 ","4 ","","","","","","","","Store","","N/A"
3 BHK, 160 Sq-yrd Builder Floor Apartment For Sale","1.95Crore","Dec2414","VaastuCompliantPipedGasAirConditionedIntercomFacilityMaintenanceStaffReservedParkingParkSecurityWaterStorageLiftVisitorParking","C R PARK, PARK FACING POSH LOCATION, New Delhi - South - 110019","3","3","3","Semi-Furnished","Ready to Move","1 ","4 ","N/A","N/A","Store, Servant Room","N/A","Garden/Park ","New Construction","New Property","Freehold","1","N/A","N/A"
3 BHK, 1250 Sq-ft Builder Floor Apartment For Sale","62.0Lac","Dec2414","","Uttam Nagar, New-Delhi, Delhi-NCR., Uttam Nagar, New Delhi - West","3","2","N/A","Furnished","Ready to Move","3 ","5 ","N/A","N/A","N/A","N/A","N/A","N/A","","N/A","N/A","","N/A"
3 BHK, 1250 Sq-ft Builder Floor Apartment For Sale","1.10Crore","Dec2414","ROWaterSystemPrivateTerrace/GardenMaintenanceStaffReservedParkingWasteDisposalLaundryServiceLift","Laxmina nagar, Laxmi Nagar, Laxmi Nagar, New Delhi - East - 110092","3","2","1","Semi-Furnished","Ready to Move","1 ","4 ","N/A","","","","","Store","East ","Main Road ","N/A","N/A","N/A"
3 BHK, 1000 Sq-ft Builder Floor Apartment For Sale","75.0Lac","Dec2414","ReservedParkingWasteDisposalLaundryService","Mayur vihar 1 pandav nagar, Mayur Vihar 1, New Delhi - East - 110092","3","2","2","Semi-Furnished","Ready to Move","1 ","4 ","N/A","N/A","N/A","North - East ","Main Road ","New Construction","New Property","Freehold","N/A","N/A","N/A"
2 BHK, 500 Sq-ft Builder Floor Apartment For Sale","18.0Lac","Dec2414","VaastuCompliantIntercomFacilityReservedParkingParkSecurityLaundryServiceBanquetHallWaterStorageDTHTelevisionFacilityClubHouseBar/LoungeVisitorParkingGymnasium","Vishwas Park, T Extension, Uttam Nagar, New Delhi West., Uttam Nagar, New Delhi - West - 110059","2","1","1","Semi-Furnished","Ready to Move","1 ","4 ","4 ","","N/A","","","","","","","","N/A"
2 BHK, 97 Sq-m Flat For Sale","2.15Crore","Dec2414","Internet/Wi-FiConnectivityVaastuCompliantPipedGasAirConditionedIntercomFacilityMaintenanceStaffWasteDisposalParkJoggingandStrollingTrackSecurityBanquetHallWaterStorageDTHTelevisionFacilityBar/LoungeVisitorParkingCafeteria/FoodCourt","Vasant kunj, Vasant Kunj Sector C, New Delhi - South - 110070","2","2","N/A","Furnished","Ready to Move","Ground ","4 ","N/A","N/A","Store","N/A","Garden/Park , Main Road ","5 to 10 years","Resale","Freehold","N/A","N/A","N/A"
3 BHK, 1800 Sq-ft Builder Floor Apartment For Sale","3.50Crore(Negotiable)","Dec2414","VaastuCompliantPipedGasReservedParkingSecurityWaterStorageVisitorParking","Greater Kailash, New-Delhi, Delhi-NCR., Greater Kailash, New Delhi - South - 110048","3","3","N/A","Semi-Furnished","Ready to Move","1 ","3 ","1 ","N/A","Store","East ","Garden/Park ","5 to 10 years","Resale","Freehold","1","N/A","N/A"
3 BHK, 214 Sq-yrd Builder Floor Apartment For Sale","3.25Crore","Dec2414","PrivateTerrace/GardenVaastuCompliantAirConditionedReservedParkingSecurityWaterStorageLiftVisitorParking","South extension, South Extension 2, South Ex 2, New Delhi - South - 110049","3","3","N/A","Semi-Furnished","Ready to Move","3 ","3 ","1 ","N/A","Store","South - East ","Main Road ","New Construction","New Property","Freehold","2","N/A","N/A"
3 BHK, 85 Sq-yrd Builder Floor Apartment For Sale","45.0Lac","Dec2414","","Mahavir Enclave-2, Gali No 5, Main Road, Palam, Dwarka Sector 1A, Mahavir Enclave Part 2, New Delhi - Dwarka - 110045","3","2","1","Unfurnished","Ready to Move","4 ","4 ","6 ","N/A","Puja Room","North ","N/A","Less than 5 years","New Property","Freehold","3","N/A","N/A"
3 BHK, 1100 Sq-ft Builder Floor Apartment For Sale","50.0Lac","Dec2414","ReservedParkingSecurityWaterStorageLiftPowerBackUp","Bhagwati Garden,Dwarka Mor,New Delhi, Dwarka Mor, New Delhi - Dwarka - 110059","3","2","2","Semi-Furnished","Ready to Move","1 ","4 ","2 ","N/A","N/A","","","","North ","Main Road ","New Construction","","N/A"
2 BHK, 930 Sq-ft Builder Floor Apartment For Sale","27.97Lac","Dec2414","VaastuCompliantReservedParkingWasteDisposalSecurityWaterStorageLiftPowerBackUpRainWaterHarvesting","Burari, New Delhi - North","2","2","N/A","Semi-Furnished","Under Construction","1 ","4 ","N/A","N/A","N/A","North ","N/A","N/A","New Property","Freehold","1","N/A","Feb, 15"
4 BHK, 2200 Sq-ft Builder Floor Apartment For Sale","2.30Crore","Dec2414","VaastuCompliantReservedParkingWasteDisposalWaterStorageVisitorParking","34 Corner Market, Malviya Nagar., Malviya Nagar, New Delhi - South","4","4","N/A","Semi-Furnished","Ready to Move","3 ","3 ","N/A","N/A","N/A","N/A","N/A","N/A","Resale","N/A","N/A","N/A","N/A"
3 BHK, 1100 Sq-ft Builder Floor Apartment For Sale","80.0Lac","Dec2314","WasteDisposalLaundryService","Mayur vihar pH 1 pandav nagar, Mayur Vihar 1, New Delhi - East - 110091","3","2","2","Semi-Furnished","Ready to Move","1 ","4 ","N/A","N/A","N/A","North - East ","Main Road ","New Construction","New Property","Freehold","N/A","N/A","N/A"
2 BHK, 1200 Sq-ft Flat For Sale","1.0Crore(Negotiable)","Dec2314","ROWaterSystemInternet/Wi-FiConnectivityPrivateTerrace/GardenVaastuCompliantPipedGasIntercomFacilityMaintenanceStaffWasteDisposalBanquetHallWaterStorageDTHTelevisionFacilityConferenceRoomService/GoodsLiftBar/LoungeVisitorParkingCafeteria/FoodCourtReservedParkingParkSecurityLaundryServiceLiftPowerBackUpClubHouseRainWaterHarvestingGymnasiumSwimmingPool","Sector-11, Dwarka, New-Delhi, Delhi-NCR., Dwarka Sector 11, New Delhi - Dwarka - 110075","2","2","N/A","Semi-Furnished","Ready to Move","6 ","N/A","N/A","N/A","N/A","North - East ","Garden/Park , Main Road ","5 to 10 years","Resale","Freehold","N/A","N/A","N/A"
3 BHK, 1500 Sq-ft Flat For Sale","1.80Crore","Dec2314","PipedGasIntercomFacilityMaintenanceStaffWasteDisposalWaterStorageService/GoodsLiftVisitorParkingReservedParkingParkSecurityLaundryServiceLiftPowerBackUpRainWaterHarvestingGymnasiumSwimmingPool","Vasundhara Enclave, New-Delhi, Delhi-NCR., Vasundhara Enclave, New Delhi - East - 110096","3","3","N/A","Furnished","Ready to Move","8 ","9 ","N/A","N/A","N/A","East ","Garden/Park ","5 to 10 years","Resale","Freehold","1","N/A","N/A"
3 BHK, 78 Sq-yrd Builder Floor Apartment For Sale","28.0Lac(Negotiable)","Dec2314","VaastuCompliantIntercomFacilityReservedParkingWaterStorageLiftVisitorParking","Santosh Park, Uttam Nagar, New-Delhi, Delhi-NCR., Uttam Nagar, New Delhi - West - 110059","3","2","N/A","Semi-Furnished","Ready to Move","4 ","4 ","4 ","N/A","N/A","East ","Main Road ","New Construction","New Property","Freehold","2","N/A","N/A"
4 BHK, 2400 Sq-ft Builder Floor Apartment For Sale","3.80Crore","Dec2314","VaastuCompliantMaintenanceStaffReservedParkingWasteDisposalParkSecurityWaterStorageDTHTelevisionFacilityPowerBackUpRainWaterHarvestingVisitorParkingGymnasium","Saket, New-Delhi, Delhi-NCR., Saket, New Delhi - South - 110017","4","4","N/A","Unfurnished","Ready to Move","Ground ","3 ","1 ","N/A","Servant Room","North - East ","Garden/Park ","5 to 10 years","Resale","Freehold","1","N/A","N/A"
2 BHK, 1450 Sq-ft Flat For Sale","1.15Crore(Negotiable)","Dec2314","ROWaterSystemInternet/Wi-FiConnectivityPrivateTerrace/GardenVaastuCompliantPipedGasAirConditionedIntercomFacilityMaintenanceStaffWasteDisposalJoggingandStrollingTrackWaterStorageBanquetHallDTHTelevisionFacilityConferenceRoomService/GoodsLiftVisitorParkingBar/LoungeCafeteria/FoodCourtReservedParkingParkOutdoorTennisCourtsSecurityLaundryServiceRainWaterHarvesting","Sector-18A, Dwarka, New Delhi, Delhi-NCR., Dwarka Sector 18A, New Delhi - Dwarka - 110075","2","2","N/A","Semi-Furnished","Ready to Move","1 ","4 ","N/A","N/A","Puja Room","North - East ","Garden/Park ","5 to 10 years","Resale","Freehold","2","N/A","N/A"
3 BHK, 1150 Sq-ft Flat For Sale","1.40Crore","Dec2314","PipedGasIntercomFacilityMaintenanceStaffReservedParkingWasteDisposalParkSecurityLaundryServiceWaterStorageVisitorParking","I.p.extension, Indraprastha Extension, Patparganj, New Delhi - East - 110092","3","2","2","Semi-Furnished","Ready to Move","1 ","4 ","N/A","N/A","Store","North - East ","Garden/Park , Main Road ","15 to 20 years","Resale","Freehold","N/A","N/A","N/A"
3 BHK, 850 Sq-ft Builder Floor Apartment For Sale","48.0Lac(Negotiable)","Dec2314","Lift","Palam, New-Delhi, Delhi-NCR, India., Palam, New Delhi - Dwarka","3","2","1","Furnished","Ready to Move","2 ","4 ","N/A","N/A","N/A","N/A","N/A","N/A","","N/A","N/A","","N/A"
3 BHK, 2000 Sq-ft Flat For Sale","1.30Crore","Dec2314","ReservedParking","Sarita Vihar, Sarita Vihar, New Delhi - South - 110076","3","3","3","Semi-Furnished","Ready to Move","Ground ","3 ","N/A","N/A","N/A","N/A","Main Road ","New Construction","New Property","Freehold","4","N/A","N/A"
4 BHK, 1800 Sq-ft Flat For Sale","2.0Crore","Dec2314","ReservedParkingParkSecurityWaterStorageVisitorParking","Sarita Vihar, New-Delhi, Delhi-NCR., Sarita Vihar, New Delhi - South - 110076","4","4","N/A","Semi-Furnished","Ready to Move","Ground ","3 ","N/A","N/A","N/A","North ","N/A","N/A","Resale","Freehold","10","N/A","N/A"
3 BHK, 2340 Sq-ft Flat For Sale","1.50Crore","Dec2314","ROWaterSystemInternet/Wi-FiConnectivityVaastuCompliantPipedGasAirConditionedIntercomFacilityMaintenanceStaffWasteDisposalJoggingandStrollingTrackWaterStorageDTHTelevisionFacilityConferenceRoomService/GoodsLiftVisitorParkingReservedParkingParkSecurityLaundryServiceLiftPowerBackUpClubHouseRainWaterHarvestingGymnasiumSwimmingPool","Marvel Zphyer,, kharad, New Delhi - South - 411014","3","4","N/A","Semi-Furnished","Ready to Move","5 ","12 ","4 ","N/A","Servant Room","East ","Garden/Park ","New Construction","Resale","Freehold","1","N/A","N/A"
3 BHK, 1600 Sq-ft Flat For Sale","1.35Crore","Dec2314","ROWaterSystemInternet/Wi-FiConnectivityVaastuCompliantPipedGasIntercomFacilityMaintenanceStaffWasteDisposalWaterStorageDTHTelevisionFacilityService/GoodsLiftVisitorParkingReservedParkingParkSecurityLaundryServiceLiftPowerBackUpRainWaterHarvesting","Rudra Apartment, Dwarka Sector 6, New Delhi - Dwarka - 110075","3","2","2","Semi-Furnished","Ready to Move","5 ","8 ","4 ","N/A","N/A","North - East ","Garden/Park , Main Road ","Less than 5 years","Resale","Freehold","2","N/A","N/A"
3 BHK, 1250 Sq-ft Flat For Sale","1.55Crore","Dec2314","IntercomFacilityMaintenanceStaffReservedParkingWasteDisposalParkSecurityLaundryServiceWaterStoragePowerBackUpService/GoodsLiftRainWaterHarvestingVisitorParking","I.p.extension, Indraprastha Extension, Patparganj, New Delhi - East - 110092","3","2","N/A","Semi-Furnished","Ready to Move","1 ","4 ","N/A","N/A","N/A","East ","Garden/Park , Main Road ","15 to 20 years","Resale","Freehold","N/A","N/A","N/A"
1 BHK, 680 Sq-ft Flat For Sale","46.24Lac","Dec2314","ROWaterSystemInternet/Wi-FiConnectivityVaastuCompliantAirConditionedIntercomFacilityMaintenanceStaffWasteDisposalWaterStorageDTHTelevisionFacilityService/GoodsLiftVisitorParkingReservedParkingParkSecurityLaundryServiceLiftPowerBackUpRainWaterHarvestingGymnasium","Mira road E, mira road, New Delhi - 401107","1","2","3","Unfurnished","Ready to Move","11 ","11 ","6 ","N/A","","","","Store","North - East ","Garden/Park ","New Construction","","N/A"
3 BHK, 1600 Sq-ft Flat For Sale","2.10Crore","Dec2314","VaastuCompliantPipedGasMaintenanceStaffReservedParkingWasteDisposalParkJoggingandStrollingTrackSecurityBanquetHallWaterStorageLiftDTHTelevisionFacilityClubHouseVisitorParking","Garnga Towers, CWG flats, Sector D-6, Nelson Mandela Road, Vasant Kunj, New Delhi, Vasant Kunj Sector D, New Delhi - South - 110070","3","2","4","Semi-Furnished","Ready to Move","6 ","8 ","4 ","","","","","Store","North - East ","Garden/Park , Main Road ","Less than 5 years","N/A","N/A"
3 BHK, 1500 Sq-ft Builder Floor Apartment For Sale","4.60Crore(Negotiable)","Dec2314","ROWaterSystemInternet/Wi-FiConnectivityPrivateTerrace/GardenVaastuCompliantPipedGasAirConditionedIntercomFacilityMaintenanceStaffWasteDisposalBanquetHallWaterStorageDTHTelevisionFacilityConferenceRoomBar/LoungeVisitorParkingCafeteria/FoodCourtReservedParkingParkSecurityLiftPowerBackUpClubHouseRainWaterHarvestingGymnasiumSwimmingPool","Defence Colony, New Delhi, Delhi NCR., Defence Colony, New Delhi - South - 110024","3","3","N/A","Semi-Furnished","Ready to Move","Ground ","3 ","N/A","N/A","N/A","","","","East ","Garden/Park , Main Road ","New Construction","","N/A"
2 BHK, 1300 Sq-ft Flat For Sale","1.12Crore(Negotiable)","Dec2314","ROWaterSystemInternet/Wi-FiConnectivityPrivateTerrace/GardenVaastuCompliantAirConditionedIntercomFacilityMaintenanceStaffWasteDisposalJoggingandStrollingTrackBanquetHallWaterStorageDTHTelevisionFacilityConferenceRoomService/GoodsLiftBar/LoungeVisitorParkingCafeteria/FoodCourtReservedParkingParkOutdoorTennisCourtsSecurityLaundryServiceLiftPowerBackUpRainWaterHarvestingGymnasiumSwimmingPool","Sector-18, Dwarka, New-Delhi, Delhi-NCR., Dwarka Sector 18, New Delhi - Dwarka - 110075","2","2","N/A","Unfurnished","Ready to Move","4 ","10 ","1 ","N/A","Store","North - East ","Main Road ","5 to 10 years","Resale","Freehold","1","N/A","N/A"
3 BHK, 1750 Sq-ft Flat For Sale","1.25Crore","Dec2314","PipedGasMaintenanceStaffJoggingandStrollingTrackDTHTelevisionFacilityService/GoodsLiftConferenceRoomVisitorParkingParkSecurityOutdoorTennisCourtsLaundryServiceLiftPowerBackUpRainWaterHarvesting","sector 18b, Dwarka Sector 18B, New Delhi - Dwarka - 110075","3","2","4","Semi-Furnished","Ready to Move","9 ","10 ","3 ","","N/A","N/A","","","","N/A","N/A","","N/A"
2 BHK, 700 Sq-ft Builder Floor Apartment For Sale","40.0Lac","Dec2314","ReservedParkingParkSecurityWaterStorage","SECTOR-25, Rohini Sector 25, New Delhi - Rohini - 110085","2","2","1","Furnished","Ready to Move","1 ","4 ","1 ","","N/A","","","","","","","","N/A"
4 BHK, 1600 Sq-ft Flat For Sale","2.50Crore","Dec2314","Internet/Wi-FiConnectivityVaastuCompliantPipedGasIntercomFacilityMaintenanceStaffWasteDisposalJoggingandStrollingTrackWaterStorageDTHTelevisionFacilityService/GoodsLiftVisitorParkingReservedParkingParkOutdoorTennisCourtsSecurityLaundryServiceLiftPowerBackUpClubHouseRainWaterHarvestingGymnasium","Society Flat, Patparganj, New Delhi - East - 110092","4","3","2","Semi-Furnished","Ready to Move","4 ","7 ","2 ","","","","","","","","Servant Room","","N/A"
3 BHK, 1260 Sq-ft Builder Floor Apartment For Sale","75.0Lac","Dec2314","VaastuCompliantReservedParkingWasteDisposalParkLaundryServiceWaterStorageLiftVisitorParking","B block Freedom Fighter Enclave, Freedom Fighter Enclave, Sainik Farm, New Delhi - South - 110068","3","2","2","Semi-Furnished","Ready to Move","1 ","4 ","N/A","","","","","Puja Room","South - East ","Main Road ","N/A","N/A","N/A"
2 BHK, 1000 Sq-ft Flat For Sale","1.50Crore(Negotiable)","Dec2314","PipedGasMaintenanceStaffParkSecurityLaundryServiceWaterStorageLiftDTHTelevisionFacilityVisitorParking","Vasant Kunj, New Delhi, Delhi-NCR., Vasant Kunj, New Delhi - South - 110070","2","2","N/A","Unfurnished","Ready to Move","2 ","8 ","N/A","N/A","N/A","N/A","Garden/Park ","N/A","New Property","N/A","N/A","N/A","N/A"
4 BHK, 1233 Sq-ft Builder Floor Apartment For Sale","50.55Lac","Dec2314","MaintenanceStaffReservedParkingSecurityLiftVisitorParking","majri laldora, delhi., Rama Vihar, Karala, New Delhi - North - 110081","4","4","4","Semi-Furnished","Ready to Move","1 ","4 ","N/A","N/A","N/A","North - East ","N/A","New Construction","New Property","Freehold","1","N/A","N/A"
3 BHK, 125 Sq-yrd Builder Floor Apartment For Sale","1.25Crore","Dec2314","","Vikaspuri Block F, New Delhi - West","3","3","1","Furnished","Ready to Move","2 ","3 ","3 ","N/A","N/A","N/A","N/A","New Construction","New Property","N/A","N/A","N/A","N/A"
2 BHK, 450 Sq-ft Builder Floor Apartment For Sale","23.50Lac","Dec2314","ROWaterSystemVaastuCompliant","Mahavir Enclave, New Delhi., Mahavir Enclave, New Delhi - Dwarka - 110045","2","1","N/A","Semi-Furnished","Ready to Move","2 ","4 ","N/A","N/A","N/A","North - West ","Main Road ","N/A","New Property","Freehold","2","N/A","N/A"
3 BHK, 1125 Sq-ft Builder Floor Apartment For Sale","1.20Crore","Dec2314","ROWaterSystemPrivateTerrace/GardenVaastuCompliantMaintenanceStaffWasteDisposalBanquetHallWaterStorageDTHTelevisionFacilityService/GoodsLiftBar/LoungeVisitorParkingCafeteria/FoodCourtReservedParkingParkSecurityLiftPowerBackUpClubHouseRainWaterHarvesting","Vikaspuri, New Delhi, Delhi-NCR., Vikaspuri, New Delhi - West - 110018","3","2","2","Semi-Furnished","Ready to Move","2 ","3 ","N/A","N/A","Puja Room","East ","Garden/Park ","New Construction","Rent","Freehold","2","N/A","N/A"
3 BHK, 1600 Sq-ft Flat For Sale","1.24Crore","Dec2314","Internet/Wi-FiConnectivityPrivateTerrace/GardenVaastuCompliantPipedGasIntercomFacilityMaintenanceStaffReservedParkingWasteDisposalParkSecurityLaundryServiceWaterStorageLiftPowerBackUpConferenceRoomService/GoodsLiftVisitorParking","Sector-3, Dwarka, New Delhi., Dwarka Sector 3, New Delhi - Dwarka - 110075","3","2","N/A","Unfurnished","Ready to Move","7 ","8 ","N/A","N/A","N/A","N/A","N/A","10 to 15 years","New Property","Freehold","N/A","N/A","N/A"
6 BHK, 4400 Sq-ft Builder Floor Apartment For Sale","9.50Crore","Dec2314","AirConditionedSecurityLift","Greater Kailash, New Delhi - South","6","7","5","Semi-Furnished","Ready to Move","2 ","4 ","N/A","N/A","N/A","N/A","N/A","New Construction","New Property","Freehold","1","N/A","N/A"
1 BHK, 600 Sq-ft Flat For Sale","80.0Lac","Dec2314","ROWaterSystemVaastuCompliantPipedGasMaintenanceStaffReservedParkingParkSecurityWaterStorageVisitorParking","VASANT KUNJ SEC D PKT 6, Vasant Kunj Sector D, New Delhi - South - 110070","1","1","2","Semi-Furnished","Ready to Move","Ground ","7 ","2 ","N/A","N/A","North - East ","Garden/Park , Main Road ","Less than 5 years","Resale","Freehold","2","N/A","N/A"
1 BHK, 500 Sq-ft Builder Floor Apartment For Sale","20.0Lac","Dec2314","","mayur vihar ph-1, Pandav Nagar, New Delhi - East - 110092","1","1","1","Unfurnished","Ready to Move","4 ","4 ","N/A","N/A","N/A","N/A","N/A","New Construction","New Property","Freehold","N/A","N/A","N/A"
1 BHK, 600 Sq-ft Flat For Sale","35.0Lac","Dec2314","Internet/Wi-FiConnectivityPipedGasMaintenanceStaffReservedParkingWasteDisposalLaundryServiceVisitorParking","DDA SECTOR 7 POCKET 2 DDA LIG FLAT WALKING VARDHMAN STAR CITI MALL, Dwarka Sector 7, New Delhi - Dwarka - 110075","1","1","1","Semi-Furnished","Ready to Move","Ground ","4 ","N/A","","N/A","N/A","","","","Main Road , Garden/Park ","Less than 5 years","N/A","N/A"
3 BHK, 1000 Sq-ft Builder Floor Apartment For Sale","80.0Lac","Dec2314","Internet/Wi-FiConnectivityReservedParkingPark","BE-318A, Main Swarg Ashram, Hari Nagar, Delhi., Hari Nagar, New Delhi - West - 110064","3","2","2","Semi-Furnished","Ready to Move","1 ","4 ","N/A","N/A","Store","North - East ","Main Road ","New Construction","New Property","Freehold","1","N/A","N/A"
3 BHK, 1300 Sq-ft Flat For Sale","1.14Crore","Dec2314","ROWaterSystemInternet/Wi-FiConnectivityPrivateTerrace/GardenVaastuCompliantPipedGasIntercomFacilityMaintenanceStaffWasteDisposalWaterStorageDTHTelevisionFacilityConferenceRoomVisitorParkingReservedParkingParkSecurityLaundryServiceLiftPowerBackUpGymnasium","Sector-4, Dwarka, New Delhi, Delhi NCR., Dwarka Sector 4, New Delhi - Dwarka - 110075","3","2","3","Furnished","Ready to Move","7 ","7 ","N/A","N/A","N/A","East ","N/A","10 to 15 years","Resale","Freehold","1","N/A","N/A"
2 BHK, 1080 Sq-ft Builder Floor Apartment For Sale","33.0Lac","Dec2714","","Main A2 block, uttam nagar, new delhi, Uttam Nagar, New Delhi - West - 110059","2","2","N/A","Semi-Furnished","Ready to Move","3 ","3 ","N/A","","N/A","N/A","N/A","","","","New Construction","N/A","N/A"
3 BHK, 1550 Sq-ft Flat For Sale","2.80Crore","Dec2714","PipedGasIntercomFacilityMaintenanceStaffReservedParkingParkSecurityWaterStorage","LD-140, Pitampura, New Delhi - North - 110088","3","2","N/A","Semi-Furnished","Ready to Move","1 ","4 ","N/A","","","","","Store","North ","Garden/Park ","10 to 15 years","N/A","N/A"
1 BHK, 34 Sq-yrd Builder Floor Apartment For Sale","20.0Lac","Dec2714","","Rohini Sector 34, New Delhi - Rohini","1","1","N/A","Unfurnished","Ready to Move","2 ","5 ","NA. ","N/A","N/A","N/A","N/A","New Construction","New Property","Freehold","1","N/A","N/A"
2 BHK, 540 Sq-ft Builder Floor Apartment For Sale","45.0Lac(Negotiable)","Dec2614","","1760/7, Govindpuri Extension, Kalkaji, Govindpuri Extension, Kalkaji, New Delhi - South - 110019","2","2","N/A","Semi-Furnished","Ready to Move","2 ","5 ","N/A","N/A","N/A","N/A","N/A","New Construction","New Property","Freehold","1","N/A","N/A"
3 BHK, 1120 Sq-m Flat For Sale","1.45Crore(Negotiable)","Dec2614","","Mayur Vihar 1, New Delhi - East","3","2","N/A","Furnished","Ready to Move","Ground ","4 ","N/A","N/A","N/A","East ","Garden/Park ","15 to 20 years","Resale","Freehold","1","N/A","N/A"
4 BHK, 2100 Sq-ft Builder Floor Apartment For Sale","","Dec2614","","Greater Kailash Enclave 1, New Delhi - South","4","3","N/A","Furnished","Ready to Move","1 ","3 ","N/A","N/A","N/A","","","","South ","Main Road ","5 to 10 years","","N/A"
2 BHK, 82 Sq-yrd Builder Floor Apartment For Sale","30.0Lac(Negotiable)","Dec2614","","Sewak park, Sewak Park, Dwarka, New Delhi - Dwarka - 110059","2","2","N/A","Semi-Furnished","Ready to Move","1 ","5 ","N/A","N/A","N/A","North - East ","N/A","Less than 5 years","Resale","Freehold","1","N/A","N/A"
3 BHK, 1000 Sq-ft Builder Floor Apartment For Sale","55.0Lac","Dec2614","","P 336 flat no.9 raj nagar-II sector-8 Dwarka, Raj Nagar 2, New Delhi - South - 110077","3","2","N/A","Furnished","Ready to Move","3 ","3 ","NA. ","","N/A","","","","","","","","N/A"
2 BHK, 900 Sq-ft Builder Floor Apartment For Sale","1.40Crore(Negotiable)","Dec2614","PrivateTerrace/GardenReservedParkingParkSecurityWaterStorage","Pocket A/9 Gomti Apt, DDA Flats, Kalkaji Extension, New Delhi, Kalkaji Extention, New Delhi - South - 110019","2","2","N/A","Semi-Furnished","Ready to Move","1 ","2 ","2 ","N/A","","","","Study, Store","South - East ","Garden/Park ","10 to 15 years","","N/A"
2 BHK, 1153 Sq-ft Flat For Sale","1.07Crore","Dec2714","ParkSecurityLiftClubHouseGymnasiumSwimmingPool","Dwarka Mor, New Delhi - Dwarka, Dwarka Mor, New Delhi - Dwarka","2","2","N/A","Unfurnished","Under Construction","Ground ","10 ","N/A","N/A","N/A","N/A","Garden/Park , Pool ","N/A","New Property","N/A","N/A","N/A","Dec, 15"
2 BHK, 50 Sq-m Builder Floor Apartment For Sale","","Dec2714","","hari nagar, Hari Nagar, New Delhi - West","2","1","N/A","Semi-Furnished","Ready to Move","1 ","2 ","2 ","N/A","Store","N/A","N/A","Above 20 years","Resale","Freehold","1","N/A","N/A"
4 BHK, 2250 Sq-ft Flat For Sale","2.50Crore(Negotiable)","Dec2614","","Dwarka Sector 23, New Delhi - Dwarka","4","3","5","Furnished","Ready to Move","2 ","8 ","N/A","N/A","N/A","N/A","N/A","5 to 10 years","New Property","N/A","N/A","N/A","N/A"
3 BHK, 1590 Sq-ft Flat For Sale","2.50Crore(Negotiable)","Dec2614","JoggingandStrollingTrackConferenceRoomVisitorParkingBar/LoungeReservedParkingParkSecurityOutdoorTennisCourtsLiftPowerBackUpClubHouseGymnasiumSwimmingPool","B-025 , DLF Capital Green , Moti Nagar, New Moti Nagar, Kirti Nagar, New Delhi - West - 110063","3","3","N/A","Unfurnished","Under Construction","2 ","11 ","N/A","N/A","N/A","East ","Garden/Park , Pool , Main Road ","N/A","Resale","Freehold","1","N/A","Apr, 15"
4 BHK, 2000 Sq-ft Builder Floor Apartment For Sale","2.89Crore","Dec2714","Internet/Wi-FiConnectivityMaintenanceStaffReservedParkingWasteDisposalSecurityLaundryServiceWaterStorageVisitorParking","Greater Kailash 2, New Delhi - South","4","3","2","Furnished","Ready to Move","1 ","3 ","N/A","N/A","","","","Store, Servant Room","East ","Garden/Park ","5 to 10 years","","N/A"
4 BHK, 4500 Sq-ft Builder Floor Apartment For Sale","25.0Crore","Dec2714","ROWaterSystemInternet/Wi-FiConnectivityPrivateTerrace/GardenPipedGasAirConditionedIntercomFacilityMaintenanceStaffReservedParkingWasteDisposalParkSecurityLaundryServiceWaterStorageLiftDTHTelevisionFacilityPowerBackUpRainWaterHarvestingVisitorParking","Shanti Niketan, Shanti Niketan, New Delhi - South - 110021","4","5","4","Semi-Furnished","Ready to Move","1 ","4 ","1 ","N/A","Store, Servant Room","N/A","Garden/Park ","Less than 5 years","Resale","Freehold","2","N/A","N/A"
3 BHK, 1604 Sq-ft Flat For Sale","2.21Crore","Dec2714","AirConditionedIntercomFacilityMaintenanceStaffReservedParkingWasteDisposalParkSecurityLiftPowerBackUpService/GoodsLiftClubHouseRainWaterHarvestingGymnasiumSwimmingPool","Capital Greens, Shivaji Marg West, New Delhi - West","3","3","3","Furnished","Under Construction","22 ","28 ","N/A","N/A","N/A","North - West ","Garden/Park ","N/A","Resale","Freehold","N/A","N/A","N/A"
2 BHK, 750 Sq-ft Builder Floor Apartment For Sale","26.50Lac(Negotiable)","Dec2714","VaastuCompliantReservedParkingWasteDisposalWaterStorageRainWaterHarvestingVisitorParking","Khanpur, Madangir, New Delhi - South - 110062","2","2","2","Semi-Furnished","Under Construction","2 ","4 ","N/A","","N/A","","N/A","N/A","","","","","N/A"
3 BHK, 1483 Sq-ft Flat For Sale","1.85Crore","Dec2714","ROWaterSystemInternet/Wi-FiConnectivityVaastuCompliantPipedGasIntercomFacilityMaintenanceStaffBanquetHallDTHTelevisionFacilityConferenceRoomBar/LoungeCafeteria/FoodCourtReservedParkingParkSecurityLiftPowerBackUpClubHouseGymnasiumSwimmingPool","DLF Capital Greens, Moti Nagar., Moti Nagar, Kirti Nagar, New Delhi - West","3","2","4","Semi-Furnished","Under Construction","10 ","28 ","N/A","N/A","N/A","North - East ","Garden/Park ","N/A","Resale","Freehold","N/A","N/A","N/A"
3 BHK, 1450 Sq-ft Builder Floor Apartment For Sale","1.50Crore(Negotiable)","Dec2714","ROWaterSystemVaastuCompliantPipedGasAirConditionedLiftVisitorParking","East Of Kailash, New Delhi - South","3","3","2","Semi-Furnished","Ready to Move","2 ","4 ","N/A","N/A","N/A","N/A","N/A","N/A","Resale","Freehold","1","N/A","N/A"
4 BHK, 220 Sq-yrd Builder Floor Apartment For Sale","1.95Crore(Negotiable)","Dec2714","","Manasarover Garden, New Delhi - West","4","3","2","Unfurnished","Ready to Move","Ground ","4 ","N/A","N/A","N/A","N/A","N/A","5 to 10 years","Resale","N/A","N/A","N/A","N/A"
3 BHK, 1500 Sq-ft Flat For Sale","2.75Crore(Negotiable)","Dec2714","PipedGasBanquetHallCafeteria/FoodCourt","c block sfs flats sheikh sarai, Sheikh Sarai Phase 1, New Delhi - South - 110017","3","3","3","Semi-Furnished","Ready to Move","2 ","4 ","1 ","N/A","Store","East ","Main Road ","Above 20 years","Resale","Freehold","N/A","N/A","N/A"
3 BHK, 1953 Sq-ft Builder Floor Apartment For Sale","3.80Crore","Dec2714","ROWaterSystemInternet/Wi-FiConnectivityPrivateTerrace/GardenVaastuCompliantPipedGasAirConditionedIntercomFacilityMaintenanceStaffWasteDisposalJoggingandStrollingTrackBanquetHallWaterStorageDTHTelevisionFacilityConferenceRoomService/GoodsLiftBar/LoungeVisitorParkingReservedParkingParkSecurityLaundryServiceLiftRainWaterHarvestingGymnasium","Sarvodaya Enclave, New Delhi - South","3","3","2","Semi-Furnished","Ready to Move","2 ","4 ","N/A","N/A","","","","Puja Room, Servant Room","North - East ","Garden/Park ","N/A","","N/A","