2|http://cdn.thelisticles.net/wp-content/uploads/2014/12/3151-600x450.jpg
2|http://cdn.thelisticles.net/wp-content/uploads/2014/12/100-Life-Hacks-That-Make-Life-Easier-1.jpeg
3|http://cdn.thelisticles.net/wp-content/uploads/2014/12/100-Life-Hacks-That-Make-Life-Easier-1-600x448.jpg
3|http://cdn.thelisticles.net/wp-content/uploads/2014/12/100-Life-Hacks-That-Make-Life-Easier-2.jpeg
4|http://cdn.thelisticles.net/wp-content/uploads/2014/12/100-Life-Hacks-That-Make-Life-Easier-2.jpg
4|http://cdn.thelisticles.net/wp-content/uploads/2014/12/100-Life-Hacks-That-Make-Life-Easier-3-447x600.jpeg
5|http://cdn.thelisticles.net/wp-content/uploads/2014/12/100-Life-Hacks-That-Make-Life-Easier-3-263x600.jpg
5|http://cdn.thelisticles.net/wp-content/uploads/2014/12/100-Life-Hacks-That-Make-Life-Easier-4-467x600.jpeg
6|http://cdn.thelisticles.net/wp-content/uploads/2014/12/100-Life-Hacks-That-Make-Life-Easier-4-600x448.jpg
6|http://cdn.thelisticles.net/wp-content/uploads/2014/12/100-Life-Hacks-That-Make-Life-Easier-5-400x600.jpeg
7|http://cdn.thelisticles.net/wp-content/uploads/2014/12/100-Life-Hacks-That-Make-Life-Easier-5-600x359.jpg
7|http://cdn.thelisticles.net/wp-content/uploads/2014/12/100-Life-Hacks-That-Make-Life-Easier-6.jpeg
8|http://cdn.thelisticles.net/wp-content/uploads/2014/12/100-Life-Hacks-That-Make-Life-Easier-6-600x450.jpg
8|http://cdn.thelisticles.net/wp-content/uploads/2014/12/100-Life-Hacks-That-Make-Life-Easier-7.jpeg
9|http://cdn.thelisticles.net/wp-content/uploads/2014/12/100-Life-Hacks-That-Make-Life-Easier-7-400x600.jpg
9|http://cdn.thelisticles.net/wp-content/uploads/2014/12/100-Life-Hacks-That-Make-Life-Easier-8.jpeg
10|http://cdn.thelisticles.net/wp-content/uploads/2014/12/100-Life-Hacks-That-Make-Life-Easier-8-600x450.jpg
10|http://cdn.thelisticles.net/wp-content/uploads/2014/12/100-Life-Hacks-That-Make-Life-Easier-9.jpeg
11|http://cdn.thelisticles.net/wp-content/uploads/2014/12/100-Life-Hacks-That-Make-Life-Easier-9.jpg
11|http://cdn.thelisticles.net/wp-content/uploads/2014/12/100-Life-Hacks-That-Make-Life-Easier-10-421x600.jpeg
12|http://cdn.thelisticles.net/wp-content/uploads/2014/12/100-Life-Hacks-That-Make-Life-Easier-10-600x525.jpg
12|http://cdn.thelisticles.net/wp-content/uploads/2014/12/100-Life-Hacks-That-Make-Life-Easier-11.jpeg
13|http://cdn.thelisticles.net/wp-content/uploads/2014/12/100-Life-Hacks-That-Make-Life-Easier-11-600x400.jpg
13|http://cdn.thelisticles.net/wp-content/uploads/2014/12/100-Life-Hacks-That-Make-Life-Easier-12-600x399.jpg
14|http://cdn.thelisticles.net/wp-content/uploads/2014/12/100-Life-Hacks-That-Make-Life-Easier-13-600x463.jpg
15|http://cdn.thelisticles.net/wp-content/uploads/2014/12/100-Life-Hacks-That-Make-Life-Easier-14.jpg
15|http://cdn.thelisticles.net/wp-content/uploads/2014/12/100-Life-Hacks-That-Make-Life-Easier-15-449x600.jpg
16|http://cdn.thelisticles.net/wp-content/uploads/2014/12/100-Life-Hacks-That-Make-Life-Easier-16-440x600.jpg
17|http://cdn.thelisticles.net/wp-content/uploads/2014/12/100-Life-Hacks-That-Make-Life-Easier-17.jpg
17|http://cdn.thelisticles.net/wp-content/uploads/2014/12/100-Life-Hacks-That-Make-Life-Easier-19.jpg
17|http://cdn.thelisticles.net/wp-content/uploads/2014/12/100-Life-Hacks-That-Make-Life-Easier-20-456x600.jpg
18|http://cdn.thelisticles.net/wp-content/uploads/2014/12/100-Life-Hacks-That-Make-Life-Easier-21.jpg
18|http://cdn.thelisticles.net/wp-content/uploads/2014/12/100-Life-Hacks-That-Make-Life-Easier-22-450x600.jpg
18|http://cdn.thelisticles.net/wp-content/uploads/2014/12/100-Life-Hacks-That-Make-Life-Easier-23-376x600.jpg
19|http://cdn.thelisticles.net/wp-content/uploads/2014/12/100-Life-Hacks-That-Make-Life-Easier-24.jpg
19|http://cdn.thelisticles.net/wp-content/uploads/2014/12/100-Life-Hacks-That-Make-Life-Easier-25-214x600.jpg
19|http://cdn.thelisticles.net/wp-content/uploads/2014/12/100-Life-Hacks-That-Make-Life-Easier-26-600x295.jpg
20|http://cdn.thelisticles.net/wp-content/uploads/2014/12/100-Life-Hacks-That-Make-Life-Easier-27-450x600.jpg
20|http://cdn.thelisticles.net/wp-content/uploads/2014/12/100-Life-Hacks-That-Make-Life-Easier-28-400x600.jpg
20|http://cdn.thelisticles.net/wp-content/uploads/2014/12/100-Life-Hacks-That-Make-Life-Easier-29-401x600.jpg
21|http://cdn.thelisticles.net/wp-content/uploads/2014/12/100-Life-Hacks-That-Make-Life-Easier-30-504x600.jpg
21|http://cdn.thelisticles.net/wp-content/uploads/2014/12/100-Life-Hacks-That-Make-Life-Easier-31.jpg
21|http://cdn.thelisticles.net/wp-content/uploads/2014/12/100-Life-Hacks-That-Make-Life-Easier-32.jpg
22|http://cdn.thelisticles.net/wp-content/uploads/2014/12/100-Life-Hacks-That-Make-Life-Easier-33-450x600.jpg
22|http://cdn.thelisticles.net/wp-content/uploads/2014/12/100-Life-Hacks-That-Make-Life-Easier-34.jpg
22|http://cdn.thelisticles.net/wp-content/uploads/2014/12/100-Life-Hacks-That-Make-Life-Easier-35-600x387.jpg
23|http://cdn.thelisticles.net/wp-content/uploads/2014/12/100-Life-Hacks-That-Make-Life-Easier-36.jpg
23|http://cdn.thelisticles.net/wp-content/uploads/2014/12/100-Life-Hacks-That-Make-Life-Easier-37-481x600.jpg
23|http://cdn.thelisticles.net/wp-content/uploads/2014/12/100-Life-Hacks-That-Make-Life-Easier-38-600x450.jpg
24|http://cdn.thelisticles.net/wp-content/uploads/2014/12/100-Life-Hacks-That-Make-Life-Easier-39-600x600.jpg
24|http://cdn.thelisticles.net/wp-content/uploads/2014/12/100-Life-Hacks-That-Make-Life-Easier-40.jpg
24|http://cdn.thelisticles.net/wp-content/uploads/2014/12/100-Life-Hacks-That-Make-Life-Easier-41.jpg
25|http://cdn.thelisticles.net/wp-content/uploads/2014/12/100-Life-Hacks-That-Make-Life-Easier-42-459x600.jpg
25|http://cdn.thelisticles.net/wp-content/uploads/2014/12/100-Life-Hacks-That-Make-Life-Easier-43-476x600.jpg
25|http://cdn.thelisticles.net/wp-content/uploads/2014/12/100-Life-Hacks-That-Make-Life-Easier-45.jpg
26|http://cdn.thelisticles.net/wp-content/uploads/2014/12/100-Life-Hacks-That-Make-Life-Easier-46-451x600.jpg
26|http://cdn.thelisticles.net/wp-content/uploads/2014/12/100-Life-Hacks-That-Make-Life-Easier-47.jpg
26|http://cdn.thelisticles.net/wp-content/uploads/2014/12/100-Life-Hacks-That-Make-Life-Easier-48.jpg
27|http://cdn.thelisticles.net/wp-content/uploads/2014/12/100-Life-Hacks-That-Make-Life-Easier-49.jpg
27|http://cdn.thelisticles.net/wp-content/uploads/2014/12/100-Life-Hacks-That-Make-Life-Easier-50-600x454.jpg
27|http://cdn.thelisticles.net/wp-content/uploads/2014/12/100-Life-Hacks-That-Make-Life-Easier-51-449x600.jpg
28|http://cdn.thelisticles.net/wp-content/uploads/2014/12/100-Life-Hacks-That-Make-Life-Easier-52-448x600.jpg
28|http://cdn.thelisticles.net/wp-content/uploads/2014/12/100-Life-Hacks-That-Make-Life-Easier-53-450x600.jpg
28|http://cdn.thelisticles.net/wp-content/uploads/2014/12/100-Life-Hacks-That-Make-Life-Easier-54.jpg
29|http://cdn.thelisticles.net/wp-content/uploads/2014/12/100-Life-Hacks-That-Make-Life-Easier-55-400x600.jpg
29|http://cdn.thelisticles.net/wp-content/uploads/2014/12/100-Life-Hacks-That-Make-Life-Easier-56.jpg
29|http://cdn.thelisticles.net/wp-content/uploads/2014/12/100-Life-Hacks-That-Make-Life-Easier-57-600x401.jpg
30|http://cdn.thelisticles.net/wp-content/uploads/2014/12/100-Life-Hacks-That-Make-Life-Easier-58.jpg
30|http://cdn.thelisticles.net/wp-content/uploads/2014/12/100-Life-Hacks-That-Make-Life-Easier-59-427x600.jpg
30|http://cdn.thelisticles.net/wp-content/uploads/2014/12/100-Life-Hacks-That-Make-Life-Easier-60.jpg
31|http://cdn.thelisticles.net/wp-content/uploads/2014/12/100-Life-Hacks-That-Make-Life-Easier-61-600x573.jpg
31|http://cdn.thelisticles.net/wp-content/uploads/2014/12/100-Life-Hacks-That-Make-Life-Easier-62-600x450.jpg
31|http://cdn.thelisticles.net/wp-content/uploads/2014/12/100-Life-Hacks-That-Make-Life-Easier-63-600x447.jpg
32|http://cdn.thelisticles.net/wp-content/uploads/2014/12/100-Life-Hacks-That-Make-Life-Easier-64-600x490.jpg
32|http://cdn.thelisticles.net/wp-content/uploads/2014/12/100-Life-Hacks-That-Make-Life-Easier-65-600x450.jpg
32|http://cdn.thelisticles.net/wp-content/uploads/2014/12/100-Life-Hacks-That-Make-Life-Easier-66-600x449.jpg
33|http://cdn.thelisticles.net/wp-content/uploads/2014/12/100-Life-Hacks-That-Make-Life-Easier-67-600x450.jpg
33|http://cdn.thelisticles.net/wp-content/uploads/2014/12/100-Life-Hacks-That-Make-Life-Easier-68.jpg
33|http://cdn.thelisticles.net/wp-content/uploads/2014/12/100-Life-Hacks-That-Make-Life-Easier-69-448x600.jpg
34|http://cdn.thelisticles.net/wp-content/uploads/2014/12/100-Life-Hacks-That-Make-Life-Easier-70-600x450.jpg
34|http://cdn.thelisticles.net/wp-content/uploads/2014/12/100-Life-Hacks-That-Make-Life-Easier-449x600.jpeg
34|http://cdn.thelisticles.net/wp-content/uploads/2014/12/100-Life-Hacks-That-Make-Life-Easier-18.jpg
