"name"|"cost"|"discount"|"originalPrice"|"ratings"|"noReviews"|"votes"|"Product Weight"|"Age Group"|"Type"|"Ideal For"|"Number of Contents"|"Size"|"Powered by"|" "|"Product Depth"|"Product Width"|"Country of Manufacture"|"Filling Material"|"Product Height"|"Rechargeable"|"Battery Type"|"Character"|"Series"|"Washable"|"Sound Support"|"Height"|"Width"|"External Material"|" The design of the giraffe may slightly vary from what is shown in the image "|"Depth"|" Ribbons may vary "|" Color may slightly vary. "|" Color and Style of the Bow may vary "|" Exact color of product may vary from the color in the image "|" Customer may get any one of the two product based on availability "|" The bow color of the delivered doll may vary from what is shown in the image "|" The ribbon color and the design may vary from what is shown in the image. "|"Brand"|"Machine Washable"|"With Pillow Cover"|"Ideal Usage"|"Model Name"|"Model ID"|"Color"|"Sales Package"|" The color of bow of the delivered product may vary from what is shown in the image "|" The design of the delivered product may slightly vary from what is shown in the image "|" The color of the product displayed may differ from the actual product, Due to scarcity of this product, color of muffler may vary. "|" Color may slightly vary "|""|ImageURL"
Dimpy Stuff Bear - 21.65 inch|1199|20%|1499|4.3|||950 g|3 - 15 Years|Teddy Bears|Boys, Girls|1|21.65 inch|Non Battery|Soft Fabric|N/A|N/A|N/A|N/A|N/A|N/A|N/A|N/A|N/A|N/A|N/A|N/A|N/A|N/A|N/A|N/A|N/A|N/A|N/A|N/A|N/A|N/A|N/A|N/A|N/A|N/A|N/A|N/A|N/A|N/A|N/A|N/A|N/A|N/A|N/A|
Surbhi Monkey 42 Cm Sitting - 16.8 inch|840|30%|1200||||520 g|2 - 99 Years|Pets & Animals|N/A|N/A|16.8 inch|N/A|N/A|6 inch|11.2 inch|India|Polyester Fiber|N/A|N/A|N/A|N/A|N/A|N/A|N/A|N/A|N/A|N/A|N/A|N/A|N/A|N/A|N/A|N/A|N/A|N/A|N/A|N/A|N/A|N/A|N/A|N/A|N/A|N/A|N/A|N/A|N/A|N/A|N/A|
Surbhi Teddy with Cap - 13.6 inch|900|18%|1100||||800 g|3 - 99 Years|Teddy Bears|N/A|N/A|13.6 inch|N/A|N/A|6 inch|26 inch|India|PLOYERSTER FIBER|16.9 inch|N/A|N/A|N/A|N/A|N/A|N/A|N/A|N/A|N/A|N/A|N/A|N/A|N/A|N/A|N/A|N/A|N/A|N/A|N/A|N/A|N/A|N/A|N/A|N/A|N/A|N/A|N/A|N/A|N/A|N/A|
Lamaze Play & Grow Rusty the Robot Toy|474|50%|949|5||1|114 g|2 - 6 Years|Cartoon Characters|Boys, Girls|N/A|N/A|N/A|Two Sides of Play, Features Crinkle, Ribbons, Clanking Rings, Busy Beads and Discovery Mirror, Attaches to Play Mats, Diaper Bag and Strollers|2.24 inch|5.47 inch|China|N/A|10.51 inch|N/A|N/A|N/A|N/A|N/A|N/A|N/A|N/A|N/A|N/A|N/A|N/A|N/A|N/A|N/A|N/A|N/A|N/A|N/A|N/A|N/A|N/A|N/A|N/A|N/A|N/A|N/A|N/A|N/A|N/A|
Surbhi Teddy Bear - 10 inch|770|30%|1100||||575 g|3 - 99 Years|Teddy Bears|N/A|N/A|10 inch|N/A|N/A|6 inch|32 inch|India|PLOYERSTER FIBER|10 inch|N/A|N/A|N/A|N/A|N/A|N/A|N/A|N/A|N/A|N/A|N/A|N/A|N/A|N/A|N/A|N/A|N/A|N/A|N/A|N/A|N/A|N/A|N/A|N/A|N/A|N/A|N/A|N/A|N/A|N/A|
Fisher-Price Laugh and Learn Singin Storytime Puppy - 16 inch|3999||||||1080 g|0 - 3 Years|Interactive Soft Toys|Boys, Girls|N/A|16 inch|Battery|1 Puppy, Batteries not Included|8 inch|12.12 inch|N/A|N/A|16 inch|No|3 C Batteries|N/A|N/A|N/A|N/A|N/A|N/A|N/A|N/A|N/A|N/A|N/A|N/A|N/A|N/A|N/A|N/A|N/A|N/A|N/A|N/A|N/A|N/A|N/A|N/A|N/A|N/A|N/A|N/A|
Surbhi Giraffe - 11.8 inch|485|30%|695||||220 g|0 - 25 Years|Pets & Animals|N/A|N/A|11.8 inch|N/A|N/A|5.9 inch|7.9 inch|India|Polyester|N/A|N/A|N/A|Pets|N/A|N/A|N/A|N/A|N/A|N/A|N/A|N/A|N/A|N/A|N/A|N/A|N/A|N/A|N/A|N/A|N/A|N/A|N/A|N/A|N/A|N/A|N/A|N/A|N/A|N/A|N/A|
VTech Day & Night Cuddle Bunny - 23.5 cm|1999||||||890 g|1 - 100 Years|Interactive Soft Toys|N/A|N/A|23.5 cm|N/A|N/A|10.5 cm|18 cm|China|N/A|N/A|N/A|N/A|N/A|N/A|N/A|N/A|N/A|N/A|N/A|N/A|N/A|N/A|N/A|N/A|N/A|N/A|N/A|N/A|N/A|N/A|N/A|N/A|N/A|N/A|N/A|N/A|N/A|N/A|N/A|N/A|
Surbhi Elephant - 13.7 Inch|480|31%|699||||250 g|0 - 25 Years|Pets & Animals|N/A|N/A|13.7 Inch|N/A|N/A|5.9 inch|7.9 inch|India|Polyester|N/A|N/A|N/A|Pets|N/A|N/A|N/A|N/A|N/A|N/A|N/A|N/A|N/A|N/A|N/A|N/A|N/A|N/A|N/A|N/A|N/A|N/A|N/A|N/A|N/A|N/A|N/A|N/A|N/A|N/A|N/A|
NICI Bear - 13.77 inch|1095|||4.2|4|10|140 g|0 - 12 Years|Teddy Bears|Girls, Boys|N/A|13.77 inch|Non Battery|N/A|N/A|N/A|N/A|N/A|N/A|N/A|N/A|N/A|N/A|N/A|N/A|N/A|N/A|N/A|N/A|N/A|N/A|N/A|N/A|N/A|N/A|N/A|N/A|N/A|N/A|N/A|N/A|N/A|N/A|N/A|N/A|N/A|N/A|N/A|N/A|
Surbhi Panda 14inchs - 14.2 Inch|660||||||270 g|3 - 99 Years|Pets & Animals|N/A|N/A|14.2 Inch|N/A|N/A|8.6 inch|8.6 inch|India|Polyester Fiber|N/A|N/A|N/A|Panda|N/A|N/A|N/A|N/A|N/A|N/A|N/A|N/A|N/A|N/A|N/A|N/A|N/A|N/A|N/A|N/A|N/A|N/A|N/A|N/A|N/A|N/A|N/A|N/A|N/A|N/A|N/A|
Tickles Elephant with Two Babies - 22 inch|1799|28%|2500||||400 g|3 - 6 Years|Pets & Animals|N/A|N/A|Large, 22 inch|N/A|N/A|10 inch|21 inch|India|Fiber|22 inch|N/A|N/A|N/A|Animal Shop|N/A|N/A|N/A|N/A|N/A|N/A|N/A|N/A|N/A|N/A|N/A|N/A|N/A|N/A|N/A|N/A|N/A|N/A|N/A|N/A|N/A|N/A|N/A|N/A|N/A|N/A|
Surbhi Frog - 12 Inch|490|30%|700||||225 g|3 - 12 Years|Pets & Animals|N/A|N/A|12 Inch|N/A|N/A|6 inch|10 inch|India|Polyester|N/A|N/A|N/A|N/A|N/A|N/A|N/A|N/A|N/A|N/A|N/A|N/A|N/A|N/A|N/A|N/A|N/A|N/A|N/A|N/A|N/A|N/A|N/A|N/A|N/A|N/A|N/A|N/A|N/A|N/A|N/A|
Trudi Puppet Fox ? Stuffed Toy - 9.8 inch|1099||||||0.5 g|3 - 5 Years|Puppets|N/A|N/A|Medium, 9.8 inch|N/A|N/A|9.8 inch|4 inch|Italy|N/A|N/A|N/A|N/A|N/A|N/A|N/A|N/A|N/A|N/A|N/A|N/A|N/A|N/A|N/A|N/A|N/A|N/A|N/A|N/A|N/A|N/A|N/A|N/A|N/A|N/A|N/A|N/A|N/A|N/A|N/A|N/A|
Perfect Petzzz Golden Retriever|2999|||4.9|1|10|840 g|3 - 16 Years|Pets & Animals|Girls, Boys|N/A|N/A|Battery|D Size Battery|N/A|N/A|China|N/A|N/A|No|1 Alkaline Battery|N/A|N/A|N/A|N/A|N/A|N/A|N/A|N/A|N/A|N/A|N/A|N/A|N/A|N/A|N/A|N/A|N/A|N/A|N/A|N/A|N/A|N/A|N/A|N/A|N/A|N/A|N/A|N/A|
Surbhi Chick - 15.7 Inch|440|37%|699||||360 g|0 - 25 Years|Pets & Animals|N/A|N/A|15.7 Inch|N/A|N/A|7.9 inch|11.8 inch|India|Polyester|N/A|N/A|N/A|Pets|N/A|N/A|N/A|N/A|N/A|N/A|N/A|N/A|N/A|N/A|N/A|N/A|N/A|N/A|N/A|N/A|N/A|N/A|N/A|N/A|N/A|N/A|N/A|N/A|N/A|N/A|N/A|
Surbhi Elephant - 13.7 inch|480|31%|699||||250 g|2 - 20 Years|Pets & Animals|N/A|N/A|13.7 inch|N/A|N/A|5.9 inch|7.9 inch|India|Polyester|N/A|N/A|N/A|Pets|N/A|N/A|N/A|N/A|N/A|N/A|N/A|N/A|N/A|N/A|N/A|N/A|N/A|N/A|N/A|N/A|N/A|N/A|N/A|N/A|N/A|N/A|N/A|N/A|N/A|N/A|N/A|
Surbhi Teddy Bear - 16.9 inch|800|30%|1150||||735 g|3 - 99 Years|Teddy Bears|N/A|N/A|16.9 inch|N/A|N/A|10 inch|12.8 inch|India|PLOYERSTER FIBER|14 inch|N/A|N/A|N/A|N/A|N/A|N/A|N/A|N/A|N/A|N/A|N/A|N/A|N/A|N/A|N/A|N/A|N/A|N/A|N/A|N/A|N/A|N/A|N/A|N/A|N/A|N/A|N/A|N/A|N/A|N/A|
Simba Sitting Talk Back and Poke Me Ben - 11.5 inch|2899|3%|2999|4|1|3|455 g|3 - 20 Years|Interactive Soft Toys|Girls, Boys|1|11.5 inch|Battery|Batteries Included, 1 Stuffed Toy|N/A|N/A|China|N/A|N/A|No|3 AA Batteries|N/A|N/A|No|Yes|11.5 inch|11.2 inch|N/A|N/A|N/A|N/A|N/A|N/A|N/A|N/A|N/A|N/A|N/A|N/A|N/A|N/A|N/A|N/A|N/A|N/A|N/A|N/A|N/A|N/A|
Surbhi Teddy Sitting - 17 Inch|900|30%|1300||||800 g|3 - 99 Years|Teddy Bears|N/A|N/A|17 Inch|N/A|N/A|6 inch|10 inch|India|Polyester Fiber|N/A|N/A|N/A|Teddy Bear|N/A|N/A|N/A|N/A|N/A|N/A|N/A|N/A|N/A|N/A|N/A|N/A|N/A|N/A|N/A|N/A|N/A|N/A|N/A|N/A|N/A|N/A|N/A|N/A|N/A|N/A|N/A|
Animal Planet Mommy with Baby - Cheetah and Cub|1799|||5||4|N/A|3 - 15 Years|N/A|Girls, Boys|N/A|24 inch|N/A|N/A|N/A|N/A|China|N/A|N/A|N/A|N/A|N/A|N/A|N/A|N/A|N/A|N/A|N/A|N/A|N/A|N/A|N/A|N/A|N/A|N/A|N/A|N/A|N/A|N/A|N/A|N/A|N/A|N/A|N/A|N/A|N/A|N/A|N/A|N/A|
Surbhi Teddy Sitting - 17 Inch|900|30%|1300||||800 g|3 - 99 Years|Teddy Bears|N/A|N/A|17 Inch|N/A|N/A|6 inch|10 inch|India|Polyester Fiber|N/A|N/A|N/A|Teddy Bear|N/A|N/A|N/A|N/A|N/A|N/A|N/A|N/A|N/A|N/A|N/A|N/A|N/A|N/A|N/A|N/A|N/A|N/A|N/A|N/A|N/A|N/A|N/A|N/A|N/A|N/A|N/A|
Play N Pets Doraemon - 13 inch|599|29%|849|4.4|21|82|420 g|1 - 12 Years|Cartoon Characters|Girls, Boys|1|13 inch|N/A|Gentle Machine Wash|7.2 inch|10.2 inch|India|Siliconized Fiber|13 inch|N/A|N/A|Doraemon|N/A|Yes|N/A|N/A|N/A|Polyester Fleece Shell|N/A|N/A|N/A|N/A|N/A|N/A|N/A|N/A|N/A|N/A|N/A|N/A|N/A|N/A|N/A|N/A|N/A|N/A|N/A|N/A|N/A|
Surbhi Teddy Bear - 16.9 inch|800|30%|1150||||735 g|3 - 99 Years|Teddy Bears|N/A|N/A|16.9 inch|N/A|N/A|10 inch|12.8 inch|India|PLOYERSTER FIBER|16.9 inch|N/A|N/A|N/A|N/A|N/A|N/A|N/A|N/A|N/A|N/A|N/A|N/A|N/A|N/A|N/A|N/A|N/A|N/A|N/A|N/A|N/A|N/A|N/A|N/A|N/A|N/A|N/A|N/A|N/A|N/A|
Warner Bros Tweety - 14 Inch|854|5%|899|4.5|||N/A|0 - 12 Years|Cartoon Characters|Girls, Boys|N/A|14 Inch|N/A|Surface Washable, No Electronic Product, No Choking Hazard, Weight - 200 gm|N/A|N/A|China|N/A|N/A|N/A|N/A|Tweety|N/A|N/A|N/A|N/A|N/A|N/A|N/A|N/A|N/A|N/A|N/A|N/A|N/A|N/A|N/A|N/A|N/A|N/A|N/A|N/A|N/A|N/A|N/A|N/A|N/A|N/A|N/A|
Fisher-Price Soothe and Glow Giraffe - 9.5 inch|1199|20%|1499||||4.75 inch|Interactive Soft Toys|Boys, Girls|9.5 inch|N/A|No|2 AA (LR6) Alkaline Batteries|N/A|5.5 inch|9.5 inch|N/A|N/A|0 - 10 Years|Battery|11.81 inch|N/A|N/A|N/A|N/A|10.31 inch|10.13 inch|N/A|900 g|1 Soothe and Glow Giraffe, Batteries Not Included|N/A|N/A|N/A|N/A|N/A|N/A|N/A|N/A|N/A|N/A|N/A|N/A|N/A|N/A|N/A|N/A|N/A|N/A|N/A|
Dimpy Stuff Teddy Bear - 23.62 inch|959|20%|1199|4.3|87|364|13 inch|Teddy Bears|Yes|1|23.62 inch|Non Battery|Stuff Toy|Soft Fabric|13.5 inch|19 inch|3 - 15 Years|N/A|India|N/A|N/A|N/A|N/A|Boys, Girls|N/A|N/A|N/A|N/A|N/A|N/A|680 g|N/A|N/A|N/A|N/A|N/A|N/A|N/A|N/A|N/A|N/A|N/A|N/A|N/A|N/A|N/A|N/A|N/A|N/A|
Hasbro Furby Boom Sweet|3899|2%|3999|5||2|719.2 g|6 - 12 Years|Interactive Soft Toys|Boys, Girls|N/A|N/A|Battery|N/A|N/A|N/A|China|N/A|N/A|Yes|4 AA Batteries|N/A|N/A|N/A|N/A|16.73 inch|7.67 inch|N/A|N/A|4.92 inch|N/A|N/A|N/A|N/A|N/A|N/A|N/A|N/A|N/A|N/A|N/A|N/A|N/A|N/A|N/A|N/A|N/A|N/A|N/A|
Disney Quacking Donald - 12.5 inch|1799|10%|1999|4.2|1|6|465 g|3 - 10 Years|Cartoon Characters|Boys, Girls|1|12.5 inch|Battery|Batteries Included, Donald Duck|N/A|N/A|China|N/A|N/A|No|3 AA Batteries|Donald Duck|N/A|No|N/A|12.5 inch|7.5 inch|N/A|N/A|6.2 inch|N/A|N/A|N/A|N/A|N/A|N/A|N/A|N/A|N/A|N/A|N/A|N/A|N/A|N/A|N/A|N/A|N/A|N/A|N/A|
Pillowpets US Bear - 18 inch|1499|||4.4|||500 g|3 - 15 Years|Cushions & Pillows|Boys, Girls|N/A|18 inch|Non Battery|N/A|9 inch|18.6 inch|N/A|N/A|9.2 inch|N/A|N/A|N/A|N/A|N/A|N/A|N/A|N/A|N/A|N/A|N/A|N/A|N/A|N/A|N/A|N/A|N/A|N/A|N/A|N/A|N/A|N/A|N/A|N/A|N/A|N/A|N/A|N/A|N/A|N/A|
Trudi Whale Jasmine - 12 inch|1999||||||254 g|2 - 6 Years|Pets & Animals|N/A|N/A|12 inch|N/A|N/A|3 inch|5.5 inch|Italy|N/A|N/A|N/A|N/A|N/A|N/A|N/A|N/A|N/A|N/A|N/A|N/A|N/A|N/A|N/A|N/A|N/A|N/A|N/A|N/A|N/A|N/A|N/A|N/A|N/A|N/A|N/A|N/A|N/A|N/A|N/A|N/A|
Perfect Petzzz Cavalier King Charles Spaniel - 5.21 inch|2699|10%|2999|4.7|2|3|840 g|3 - 15 Years|Pets & Animals|Girls, Boys|N/A|5.21 inch|Battery|1 Cot, 1 Brush, Battery Included, 1 Pet|N/A|N/A|China|N/A|N/A|No|1 Alkaline Battery|N/A|N/A|N/A|N/A|N/A|N/A|N/A|N/A|N/A|N/A|N/A|N/A|N/A|N/A|N/A|N/A|N/A|N/A|N/A|N/A|N/A|N/A|N/A|N/A|N/A|N/A|N/A|N/A|
Dimpy Stuff Bear with Honey Pot - 18.89 inch|1199|20%|1499|1||1|950 g|3 - 15 Years|Teddy Bears|Boys, Girls|N/A|18.89 inch|Non Battery|Soft Fabric|N/A|N/A|N/A|N/A|N/A|N/A|N/A|N/A|N/A|N/A|N/A|N/A|N/A|N/A|N/A|N/A|N/A|N/A|N/A|N/A|N/A|N/A|N/A|N/A|N/A|N/A|N/A|N/A|N/A|N/A|N/A|N/A|N/A|N/A|N/A|
Ty Jazzy - 13 inch|899|||5||1|USA|Pets & Animals|Yes|13 inch|N/A|Non Battery|1 Stuff Toy|N/A|N/A|N/A|3 - 15 Years|N/A|N/A|N/A|N/A|N/A|N/A|Girls, Boys|N/A|N/A|N/A|N/A|N/A|N/A|N/A|214 g|N/A|N/A|N/A|N/A|N/A|N/A|N/A|N/A|N/A|N/A|N/A|N/A|N/A|N/A|N/A|N/A|N/A|
Trudi Puppet Pig - 6 inch|899|||5||1|0.086 g|2 - 12 Years|Pets & Animals|N/A|N/A|6 inch|N/A|N/A|4 inch|7 inch|Italy|N/A|N/A|N/A|N/A|N/A|N/A|N/A|N/A|N/A|N/A|N/A|N/A|N/A|N/A|N/A|N/A|N/A|N/A|N/A|N/A|N/A|N/A|N/A|N/A|N/A|N/A|N/A|N/A|N/A|N/A|N/A|N/A|
Soft Buddies Lying Bull Dog XL - 20 inch|899|10%|999||||490 g|3 - 15 Years|Pets & Animals|N/A|N/A|20 inch|N/A|N/A|7 inch|16 inch|India|100% Polyester Staple Fibre|N/A|N/A|N/A|Dog|N/A|N/A|N/A|N/A|N/A|N/A|N/A|N/A|N/A|N/A|N/A|N/A|N/A|N/A|N/A|N/A|N/A|N/A|N/A|N/A|N/A|N/A|N/A|N/A|N/A|N/A|N/A|
Dimpy Stuff Teddy - 37.4 inch|1119|20%|1399|4.4|||18 inch|Teddy Bears|Girls, Boys|1|37.4 inch|Size of Standing Teddy Bear: 37.4 inch, Size of Sitting Teddy Bear: 24.7 inch|N/A|N/A|19 inch|24.7 inch|2 - 12 Years|N/A|India|N/A|N/A|N/A|N/A|N/A|N/A|N/A|N/A|N/A|N/A|N/A|N/A|N/A|1500 g|N/A|N/A|N/A|N/A|N/A|N/A|N/A|N/A|N/A|N/A|N/A|N/A|N/A|N/A|N/A|N/A|
Dimpy Stuff Couple Bear - 7.9 Inch|349|||4.4|57|296|N/A|3 - 5 Years|Teddy Bears|Girls, Boys|1|7.9 Inch|N/A|Environment Friendly Material, Non toxic, Adorable and Huggable, These Two Charming Bears with their Arms Around Each Other and Sweet Smile on their Faces, Machine - Home Washable, Cute and Furry, No Sharp Edges|N/A|N/A|India|N/A|N/A|N/A|N/A|N/A|N/A|N/A|N/A|N/A|N/A|N/A|N/A|N/A|N/A|N/A|N/A|N/A|N/A|N/A|N/A|N/A|N/A|N/A|N/A|N/A|N/A|N/A|N/A|N/A|N/A|N/A|N/A|
Chhota Bheem|599|||4.1|45|160|250 g|3 - 15 Years|Cartoon Characters|Boys, Girls|N/A|13 inch|N/A|N/A|N/A|N/A|India|N/A|N/A|N/A|N/A|Chhota Bheem|N/A|N/A|N/A|N/A|N/A|N/A|N/A|N/A|N/A|N/A|N/A|N/A|N/A|N/A|N/A|N/A|N/A|N/A|N/A|N/A|N/A|N/A|N/A|N/A|N/A|N/A|N/A|
Dimpy Stuff Teddy Bear - 23.62 inch|959|20%|1199|4.3|87|364|India|Teddy Bears|Yes|1|23.62 inch|Non Battery|Soft Fabric|Stuff Toy|N/A|N/A|3 - 15 Years|N/A|N/A|N/A|N/A|N/A|N/A|Girls, Boys|N/A|N/A|N/A|N/A|N/A|N/A|700 g|N/A|N/A|N/A|N/A|N/A|N/A|N/A|N/A|N/A|N/A|N/A|N/A|N/A|N/A|N/A|N/A|N/A|N/A|
Littles Baby Ball - 4.5 inch|110|63%|299|3.8|38|158|0 inch|Soft Balls|Boys, Girls|4.5 inch|N/A|Size:4.5 Inch|N/A|N/A|0 inch|0 inch|0 - 12 Years|N/A|India|N/A|N/A|N/A|N/A|N/A|N/A|N/A|N/A|N/A|N/A|N/A|N/A|N/A|N/A|53 g|N/A|N/A|N/A|N/A|N/A|N/A|N/A|N/A|N/A|N/A|N/A|N/A|N/A|N/A|N/A|
Dimpy Stuff Bear with Flower Paws - 15 inch|519|20%|649|4.4|13|39|400 g|3 - 15 Years|Teddy Bears|Girls, Boys|N/A|15 inch|Non Battery|Made of Super Soft Fabric|N/A|N/A|India|N/A|N/A|N/A|N/A|N/A|N/A|N/A|N/A|N/A|N/A|N/A|N/A|N/A|N/A|N/A|N/A|N/A|N/A|N/A|N/A|N/A|N/A|N/A|N/A|N/A|N/A|N/A|N/A|N/A|N/A|N/A|N/A|
Tickles Mother Elephant with 2 Babies - 15 inch|699|30%|999|4.2|15|51|400 g|3 - 6 Years|Pets & Animals|N/A|N/A|Small, 15 inch|N/A|N/A|8 inch|8.5 inch|India|Fiber|14.5 inch|N/A|N/A|N/A|Animal Shop|N/A|N/A|N/A|N/A|N/A|N/A|N/A|N/A|N/A|N/A|N/A|N/A|N/A|N/A|N/A|N/A|N/A|N/A|N/A|N/A|N/A|N/A|N/A|N/A|N/A|N/A|
Dimpy Soft Dotted Bear - 18.5 inch|699|||4.2|7|36|287 g|3 - 15 Years|Teddy Bears|Boys, Girls|N/A|18.5 inch|Non Battery|Finest High Quality Material, Soft Fabric, Crafted with Environment Friendly Material, Soft and Safe for Children, Machine or Home Washable, Soft Plush Teddy Bear, Adorable and Huggable|5.5 inch|12 inch|N/A|N/A|18.5 inch|N/A|N/A|N/A|N/A|N/A|N/A|N/A|N/A|N/A|N/A|N/A|N/A|N/A|N/A|N/A|N/A|N/A|N/A|N/A|N/A|N/A|N/A|N/A|N/A|N/A|N/A|N/A|N/A|N/A|N/A|
Disney Marie Animal Tale Range - 10 inch|719|10%|799|4.6|7|34|N/A|0 - 12 Years|Cartoon Characters|Girls, Boys|N/A|10 inch|N/A|N/A|N/A|N/A|China|N/A|10 inch|N/A|N/A|Marie|N/A|N/A|N/A|N/A|N/A|Polyester Fibers, Polyethylene Pellets|N/A|N/A|N/A|N/A|N/A|N/A|N/A|N/A|N/A|N/A|N/A|N/A|N/A|N/A|N/A|N/A|N/A|N/A|N/A|N/A|N/A|
Disney Mickey Flopsie New - Minnie - 8 inch|499|||3.7|4|23|N/A|Cartoon Characters|Girls, Boys|Minnie Mouse|N/A|N/A|N/A|N/A|N/A|N/A|0 - 12 Years|N/A|China|N/A|N/A|8 inch|N/A|N/A|N/A|N/A|N/A|N/A|N/A|N/A|N/A|N/A|N/A|N/A|7.99 inch|N/A|N/A|N/A|N/A|N/A|N/A|N/A|N/A|N/A|N/A|N/A|N/A|N/A|N/A|
Dimpy Stuff Heart|320|||4.5|9|56|N/A|3 - 20 Years|Cushions & Pillows|Boys, Girls|1|N/A|N/A|Soft and Plush, Furry, Adorable and Huggable, Crafted with Environment Friendly Material, Non-toxic, Inner Stuffing: High Quality Polyester, Machine Washable|N/A|15.75 inch|China|N/A|21.65 inch|N/A|N/A|N/A|N/A|N/A|N/A|N/A|N/A|N/A|N/A|N/A|N/A|N/A|N/A|N/A|N/A|N/A|N/A|N/A|N/A|N/A|N/A|N/A|N/A|N/A|N/A|N/A|N/A|N/A|N/A|
Warner Bros Jerry - 8 inch|449|10%|499|4.1|22|146|N/A|0 - 12 Years|Cartoon Characters|Boys, Girls|N/A|8 inch|N/A|N/A|N/A|N/A|China|N/A|N/A|N/A|N/A|N/A|Tom & Jerry|N/A|N/A|N/A|N/A|N/A|N/A|N/A|N/A|N/A|N/A|N/A|N/A|N/A|N/A|N/A|N/A|N/A|N/A|N/A|N/A|N/A|N/A|N/A|N/A|N/A|N/A|
Disney Nemo - 8 inch|299|25%|399|3.8|4|13|N/A|0 - 12 Years|Cartoon Characters|Boys, Girls|N/A|Small, 8 inch|N/A|N/A|N/A|N/A|N/A|N/A|N/A|N/A|N/A|Nemo|Finding Nemo|N/A|N/A|N/A|N/A|N/A|N/A|N/A|N/A|N/A|N/A|N/A|N/A|N/A|N/A|N/A|N/A|N/A|N/A|N/A|N/A|N/A|N/A|N/A|N/A|N/A|N/A|
Dimpy Stuff Teddy Bear - 37.4 inch|1839|20%|2299|4.3|||2100 g|3 - 5 Years|Teddy Bears|Girls, Boys|1|37.4 inch|N/A|N/A|21 inch|19.5 inch|India|N/A|37.4 inch|N/A|N/A|N/A|N/A|N/A|N/A|N/A|N/A|N/A|N/A|N/A|N/A|N/A|N/A|N/A|N/A|N/A|N/A|N/A|N/A|N/A|N/A|N/A|N/A|N/A|N/A|N/A|N/A|N/A|N/A|
Tickles Cute Teddy with a Rose - 36 cm|333|44%|599||||250 g|1 - 41 Years|Teddy Bears|N/A|N/A|36 cm, 36 cm|N/A|N/A|6 cm|12 cm|India|Fiber|36 cm|N/A|N/A|N/A|Teddy Bears|N/A|N/A|N/A|N/A|N/A|N/A|N/A|N/A|N/A|N/A|N/A|N/A|N/A|N/A|N/A|N/A|N/A|N/A|N/A|N/A|N/A|N/A|N/A|N/A|N/A|N/A|
Fullmoon Caterpillar - 21 inch|490|50%|999|4.1|1|9|200 g|5 - 12 Years|Pets & Animals|N/A|N/A|21 inch|N/A|N/A|4 inch|7 inch|China|N/A|N/A|N/A|N/A|N/A|N/A|N/A|N/A|N/A|N/A|N/A|N/A|N/A|N/A|N/A|N/A|N/A|N/A|N/A|N/A|N/A|N/A|N/A|N/A|N/A|N/A|N/A|N/A|N/A|N/A|N/A|N/A|
Fullmoon Dog - 7.5 inch|245|40%|411|3.5|7|16|150 g|5 - 12 Years|Pets & Animals|N/A|N/A|7.5 inch|N/A|N/A|8 cm|13 cm|China|N/A|25 cm|N/A|N/A|N/A|N/A|N/A|N/A|N/A|N/A|N/A|N/A|N/A|N/A|N/A|N/A|N/A|N/A|N/A|N/A|N/A|N/A|N/A|N/A|N/A|N/A|N/A|N/A|N/A|N/A|N/A|N/A|
Disney Dumbo Animal Tale Range - 10 inch|799|||4.4|5|30|N/A|0 - 12 Years|Cartoon Characters|Boys, Girls|N/A|10 inch|N/A|N/A|N/A|N/A|China|N/A|10 inch|N/A|N/A|Dumbo|N/A|N/A|N/A|N/A|N/A|N/A|N/A|N/A|N/A|N/A|N/A|N/A|N/A|N/A|N/A|N/A|N/A|N/A|N/A|N/A|N/A|N/A|N/A|N/A|N/A|N/A|N/A|
Dimpy Stuff Bear with Sweet Embroidery Paws - 16.92 inch|639|20%|799|5||1|750 g|3 - 15 Years|Teddy Bears|Boys, Girls|N/A|16.92 inch|Non Battery|Soft Fabric|N/A|N/A|N/A|N/A|N/A|N/A|N/A|N/A|N/A|N/A|N/A|N/A|N/A|N/A|N/A|N/A|N/A|N/A|N/A|N/A|N/A|N/A|N/A|N/A|N/A|N/A|N/A|N/A|N/A|N/A|N/A|N/A|N/A|N/A|N/A|
Dimpy Stuff Teddy Bear - 14 inch|284|5%|299|4.3|87|364|India|Teddy Bears|Girls, Boys|14 inch|N/A|Non Battery|1 Stuff Toy|Made of Super Soft Fabric|N/A|N/A|3 - 20 Years|N/A|N/A|N/A|N/A|N/A|N/A|N/A|N/A|N/A|N/A|N/A|N/A|N/A|N/A|N/A|N/A|N/A|N/A|250 g|N/A|N/A|N/A|N/A|N/A|N/A|N/A|N/A|N/A|N/A|N/A|N/A|N/A|
Dimpy Stuff Love Pairs - 12.59 inch|399|38%|649|4.2|3|16|650 g|3 - 16 Years|Teddy Bears|Girls, Boys|1|12.59 inch|Non Battery|Soft Fabric|N/A|N/A|N/A|N/A|N/A|N/A|N/A|N/A|N/A|N/A|N/A|N/A|N/A|N/A|N/A|N/A|N/A|N/A|N/A|N/A|N/A|N/A|N/A|N/A|N/A|N/A|N/A|N/A|N/A|N/A|N/A|N/A|N/A|N/A|N/A|
Dimpy Stuff Bear with Check Bow - 29.52 inch|1119|20%|1399||||800 g|3 - 15 Years|Teddy Bears|Boys, Girls|N/A|29.52 inch|Non Battery|1 Teddy Bear|N/A|N/A|N/A|N/A|N/A|N/A|N/A|N/A|N/A|N/A|N/A|N/A|N/A|N/A|N/A|N/A|N/A|N/A|N/A|N/A|N/A|N/A|N/A|N/A|N/A|N/A|N/A|N/A|N/A|N/A|N/A|N/A|N/A|N/A|N/A|
Dimpy Stuff Bear with Strip Paws - 25.59 inch|799|20%|999|5||1|950 g|3 - 15 Years|Teddy Bears|Girls, Boys|N/A|25.59 inch|Non Battery|1 Teddy Bear|N/A|N/A|N/A|N/A|N/A|N/A|N/A|N/A|N/A|N/A|N/A|N/A|N/A|N/A|N/A|N/A|N/A|N/A|N/A|N/A|N/A|N/A|N/A|N/A|N/A|N/A|N/A|N/A|N/A|N/A|N/A|N/A|N/A|N/A|N/A|
Anukriti Creations Cute Teddy Bear with Cap and Ribbon - 12 Inch|269|61%|699||||500 g|3 - 14 Years|Teddy Bears|N/A|N/A|medium, 12 Inch|N/A|N/A|9 inch|7 inch|India|N/A|N/A|N/A|N/A|N/A|N/A|N/A|N/A|N/A|N/A|N/A|N/A|N/A|N/A|N/A|N/A|N/A|N/A|N/A|N/A|N/A|N/A|N/A|N/A|N/A|N/A|N/A|N/A|N/A|N/A|N/A|N/A|
Play N Pets Doraemon - 7.6 inch|333|33%|499|4.4|21|82|155 g|1 - 12 Years|Cartoon Characters|Girls, Boys|1|7.6 inch|N/A|1 Stuffed Toy|5 inch|7.7 inch|India|Siliconized Fiber|7.6 inch|N/A|N/A|Doraemon|N/A|Yes|N/A|N/A|N/A|Polyester Fleece Shell|N/A|N/A|N/A|N/A|N/A|N/A|N/A|N/A|N/A|N/A|N/A|N/A|N/A|N/A|N/A|N/A|N/A|N/A|N/A|N/A|N/A|
Dimpy Stuff Chhota Bheem - 9.84 inch|349|||2.3|2|6|100 g|3 - 12 Years|Cartoon Characters|Boys, Girls|1|9.84 inch|Non Battery|Non-toxic|N/A|N/A|India|N/A|N/A|N/A|N/A|Chhota Bheem|N/A|Yes|N/A|N/A|N/A|N/A|N/A|N/A|N/A|N/A|N/A|N/A|N/A|N/A|N/A|N/A|N/A|N/A|N/A|N/A|N/A|N/A|N/A|N/A|N/A|N/A|N/A|
Dimpy Stuff Soft Ball - 5.51 inch|115|67%|349|3.7|12|49|100 g|3 - 15 Years|Soft Balls|Boys, Girls|1|5.51 inch|Non Battery|Non-toxic|N/A|N/A|India|N/A|N/A|N/A|N/A|N/A|N/A|Yes|N/A|N/A|N/A|N/A|N/A|N/A|N/A|N/A|N/A|N/A|N/A|N/A|N/A|N/A|N/A|N/A|N/A|N/A|N/A|N/A|N/A|N/A|N/A|N/A|N/A|
Tickles Cute Teddy with a Rose - 27 inch|1160|3%|1200|4|||100 g|3 - 6 Years|Teddy Bears|N/A|N/A|Medium, 27 inch|N/A|N/A|5 inch|9 inch|India|Fiber|N/A|N/A|N/A|N/A|Teddy Bears|N/A|N/A|N/A|N/A|N/A|N/A|N/A|N/A|N/A|N/A|N/A|N/A|N/A|N/A|N/A|N/A|N/A|N/A|N/A|N/A|N/A|N/A|N/A|N/A|N/A|N/A|
Dimpy Stuff Hello Kitty - 9.84 inch|399|||4.4|||N/A|0 - 8 Years|Cartoon Characters|Girls|N/A|Medium, 9.84 inch|N/A|N/A|N/A|N/A|India|N/A|N/A|N/A|N/A|Hello Kitty|N/A|N/A|N/A|N/A|N/A|N/A|N/A|N/A|N/A|N/A|N/A|N/A|N/A|N/A|N/A|N/A|N/A|N/A|N/A|N/A|N/A|N/A|N/A|N/A|N/A|N/A|N/A|
Warner Bros Tom - 9 inch|494|10%|549|4.6|3|50|N/A|0 - 12 Years|Cartoon Characters|Boys, Girls|N/A|9 inch|N/A|N/A|N/A|5.12 inch|China|N/A|9.02 inch|N/A|N/A|N/A|Tom & Jerry|N/A|N/A|N/A|N/A|N/A|N/A|N/A|N/A|N/A|N/A|N/A|N/A|N/A|N/A|N/A|N/A|N/A|N/A|N/A|N/A|N/A|N/A|N/A|N/A|N/A|N/A|
Dimpy Stuff Bear with Loose Legs - 18.89 inch|719|20%|899|3.9|7|29|850 g|3 - 15 Years|Teddy Bears|Boys, Girls|N/A|18.89 inch|Non Battery|Soft Fabric|N/A|N/A|N/A|N/A|N/A|N/A|N/A|N/A|N/A|N/A|N/A|N/A|N/A|N/A|N/A|N/A|N/A|N/A|N/A|N/A|N/A|N/A|N/A|N/A|N/A|N/A|N/A|N/A|N/A|N/A|N/A|N/A|N/A|N/A|N/A|
Fullmoon Caterpillar - 18 inch|399|50%|799|4.1|1|9|200 g|2 - 10 Years|Pets & Animals|N/A|N/A|18 inch|N/A|N/A|3 inch|6 inch|China|N/A|N/A|N/A|N/A|N/A|N/A|N/A|N/A|N/A|N/A|N/A|N/A|N/A|N/A|N/A|N/A|N/A|N/A|N/A|N/A|N/A|N/A|N/A|N/A|N/A|N/A|N/A|N/A|N/A|N/A|N/A|N/A|
Play N Pets Doraemon - 9.8 inch|599|||4.4|21|82|275 g|0 - 12 Years|Cartoon Characters|Girls, Boys|1|9.8 inch|N/A|1 Stuffed Toy|N/A|N/A|India|Siliconized Fiber|N/A|N/A|N/A|Doraemon|N/A|Yes|N/A|N/A|N/A|Polyester Fleece Shell|N/A|N/A|N/A|N/A|N/A|N/A|N/A|N/A|N/A|N/A|N/A|N/A|N/A|N/A|N/A|N/A|N/A|N/A|N/A|N/A|N/A|
Dimpy Stuff Happy Bear with Embroidery Paws - 15 inch|399|||4.4|1|7|India|Teddy Bears|Boys, Girls|15 inch|N/A|Non Battery|1 Stuff Toy|Made of Super Soft Fabric|N/A|N/A|3 - 15 Years|N/A|N/A|N/A|N/A|N/A|N/A|N/A|N/A|N/A|N/A|N/A|N/A|N/A|N/A|N/A|N/A|N/A|N/A|N/A|500 g|N/A|N/A|N/A|N/A|N/A|N/A|N/A|N/A|N/A|N/A|N/A|N/A|
Dimpy Stuff Love Pairs - 18.89 inch|1119|20%|1399|4.2|3|16|1250 g|2 - 20 Years|Teddy Bears|Girls, Boys|1|18.89 inch|Non Battery|1 Stuff Toy|N/A|N/A|N/A|N/A|N/A|N/A|N/A|N/A|N/A|N/A|N/A|N/A|N/A|N/A|N/A|N/A|N/A|N/A|N/A|N/A|N/A|N/A|N/A|N/A|N/A|N/A|N/A|N/A|N/A|N/A|N/A|N/A|N/A|N/A|N/A|
Ty Hello Kitty Lollipop - 6 inch|549|||4.2|1|6|85 g|0 - 6 Years|Cartoon Characters|Girls, Boys|N/A|6 inch|Non Battery|N/A|N/A|N/A|USA|N/A|N/A|N/A|N/A|Hello Kitty|N/A|Yes|N/A|N/A|N/A|N/A|N/A|N/A|N/A|N/A|N/A|N/A|N/A|N/A|N/A|N/A|N/A|N/A|N/A|N/A|N/A|N/A|N/A|N/A|N/A|N/A|N/A|
Ty Hello Kitty Cupcake - 6 inch|549|||4.2|1|8|85 g|3 - 15 Years|Cartoon Characters|Girls, Boys|N/A|6 inch|Non Battery|N/A|N/A|N/A|USA|N/A|N/A|N/A|N/A|Hello Kitty|N/A|Yes|N/A|N/A|N/A|N/A|N/A|N/A|N/A|N/A|N/A|N/A|N/A|N/A|N/A|N/A|N/A|N/A|N/A|N/A|N/A|N/A|N/A|N/A|N/A|N/A|N/A|
Dimpy Stuff Fish - 23 inch|399|||3.9|6|18|400 g|3 - 16 Years|Pets & Animals|Girls, Boys|N/A|23 inch|Non Battery|Made of Super Soft Fabric|N/A|N/A|India|N/A|N/A|N/A|N/A|N/A|N/A|N/A|N/A|N/A|N/A|N/A|N/A|N/A|N/A|N/A|N/A|N/A|N/A|N/A|N/A|N/A|N/A|N/A|N/A|N/A|N/A|N/A|N/A|N/A|N/A|N/A|N/A|
Dreamworks Kung-Fu Panda 15 inch Plush Toy - 15 Inch|799|11%|899|4.3||3|200 g|0 - 12 Years|Cartoon Characters|N/A|N/A|15 Inch|N/A|N/A|2 inch|10 inch|China|N/A|N/A|N/A|N/A|Kung-Fu Panda|N/A|N/A|N/A|N/A|N/A|N/A|N/A|N/A|N/A|N/A|N/A|N/A|N/A|N/A|N/A|N/A|N/A|N/A|N/A|N/A|N/A|N/A|N/A|N/A|N/A|N/A|N/A|
Dimpy Stuff Bear with Leather Paws - 15.74 inch|559|20%|699||||750 g|3 - 15 Years|Teddy Bears|Boys, Girls|N/A|15.74 inch|Non Battery|Soft Fabric|N/A|N/A|N/A|N/A|N/A|N/A|N/A|N/A|N/A|N/A|N/A|N/A|N/A|N/A|N/A|N/A|N/A|N/A|N/A|N/A|N/A|N/A|N/A|N/A|N/A|N/A|N/A|N/A|N/A|N/A|N/A|N/A|N/A|N/A|N/A|
Dimpy Stuff Bear with Paws - 33.46 inch|1599|20%|1999|4|10|34|1350 g|3 - 15 Years|Teddy Bears|Girls, Boys|N/A|33.46 inch|Non Battery|Soft Fabric|N/A|N/A|N/A|N/A|N/A|N/A|N/A|N/A|N/A|N/A|N/A|N/A|N/A|N/A|N/A|N/A|N/A|N/A|N/A|N/A|N/A|N/A|N/A|N/A|N/A|N/A|N/A|N/A|N/A|N/A|N/A|N/A|N/A|N/A|N/A|
Tickles Bouquet Teddy - 5 inch|299|14%|350|3.3|1|3|100 g|3 - 6 Years|Teddy Bears|N/A|N/A|Small, 5 inch|N/A|N/A|2.2 inch|2.6 inch|India|Fiber|4.7 inch|N/A|N/A|N/A|Animal Shop|N/A|N/A|N/A|N/A|N/A|N/A|N/A|N/A|N/A|N/A|N/A|N/A|N/A|N/A|N/A|N/A|N/A|N/A|N/A|N/A|N/A|N/A|N/A|N/A|N/A|N/A|
Disney Simba Animal Tale Range - 10 inch|799|||4.5|5|19|N/A|1 - 12 Years|Cartoon Characters|Boys, Girls|N/A|10 inch|N/A|N/A|N/A|N/A|China|N/A|10 inch|N/A|N/A|Simba|N/A|N/A|N/A|N/A|N/A|N/A|N/A|N/A|N/A|N/A|N/A|N/A|N/A|N/A|N/A|N/A|N/A|N/A|N/A|N/A|N/A|N/A|N/A|N/A|N/A|N/A|N/A|
Dimpy Mothers Day Bear - 16.53 inch|600|||4.2||5|610 g|3 - 30 Years|Teddy Bears|Girls, Boys|N/A|16.53 inch|Non Battery|1 Teddy Bear|8.66 inch|14.96 inch|India|N/A|16.53 inch|N/A|N/A|N/A|N/A|Yes|N/A|N/A|N/A|N/A|N/A|N/A|N/A|N/A|N/A|N/A|N/A|N/A|N/A|N/A|N/A|N/A|N/A|N/A|N/A|N/A|N/A|N/A|N/A|N/A|N/A|
Disney Mickey Big Head - Soft Boa - 8 inch|499|||4.4|||80 g|2 - 8 Years|Cartoon Characters|Girls, Boys|N/A|8 inch|Non Battery|1 Mickey Big Head|N/A|N/A|China|N/A|N/A|N/A|N/A|Mickey Mouse|N/A|Yes|N/A|N/A|N/A|N/A|N/A|N/A|N/A|N/A|N/A|N/A|N/A|N/A|N/A|N/A|N/A|N/A|N/A|N/A|N/A|N/A|N/A|N/A|N/A|N/A|N/A|
Dimpy Stuff Bear with Dot Ear Embroidery - 31.49 inch|1359|20%|1699||||1200 g|3 - 15 Years|Teddy Bears|Girls, Boys|N/A|31.49 inch|Non Battery|1 Teddy Bear|N/A|N/A|N/A|N/A|N/A|N/A|N/A|N/A|N/A|N/A|N/A|N/A|N/A|N/A|N/A|N/A|N/A|N/A|N/A|N/A|N/A|N/A|N/A|N/A|N/A|N/A|N/A|N/A|N/A|N/A|N/A|N/A|N/A|N/A|N/A|
Disney Cinderella - 8 inch|374|25%|499|5||1|N/A|1 - 10 Years|Cartoon Characters|Girls|1|8 inch|Non Battery|N/A|2.75 inch|5.51 inch|China|N/A|9.44 inch|N/A|N/A|Cinderella|N/A|Yes|N/A|N/A|N/A|N/A|N/A|N/A|N/A|N/A|N/A|N/A|N/A|N/A|N/A|N/A|N/A|N/A|N/A|N/A|N/A|N/A|N/A|N/A|N/A|N/A|N/A|
Joey Toys Christy Doll - 19.6 inch|275|41%|469|4.5||6|200 g|1 - 16 Years|Dolls|N/A|N/A|Small, 19.6 inch|N/A|N/A|6 inch|3 inch|India|Polyester, Cotton|N/A|N/A|N/A|Dolls|Dolls|N/A|N/A|N/A|N/A|N/A|N/A|N/A|N/A|N/A|N/A|N/A|N/A|N/A|N/A|N/A|N/A|N/A|N/A|N/A|N/A|N/A|N/A|N/A|N/A|N/A|N/A|
E soft Cool Soft Yellow Smiley Cushion-30 cm - 12 inch|344|48%|670||||400 g|1 - 5 Years|Cushions & Pillows|Boys, Girls|N/A|12 inch|N/A|N/A|12 inch|2 inch|India|N/A|N/A|N/A|N/A|N/A|N/A|N/A|N/A|N/A|N/A|N/A|N/A|N/A|N/A|N/A|N/A|N/A|N/A|N/A|N/A|N/A|N/A|N/A|N/A|N/A|N/A|N/A|N/A|N/A|N/A|N/A|N/A|
Anukriti Creations Set of 10 Animal Finger Puppet - 3.5 inch|399|42%|699||||200 g|3 - 15 Years|Puppets|N/A|N/A|Small, 3.5 inch|N/A|N/A|2 inch|2 inch|China|N/A|N/A|N/A|N/A|N/A|N/A|N/A|N/A|N/A|N/A|N/A|N/A|N/A|N/A|N/A|N/A|N/A|N/A|N/A|N/A|N/A|N/A|N/A|N/A|N/A|N/A|N/A|N/A|N/A|N/A|N/A|N/A|
Disney Donald Flopsie New - 8 inch|474|5%|499|3.7||11|N/A|0 - 12 Years|Cartoon Characters|Girls, Boys|N/A|8 inch|N/A|N/A|N/A|N/A|China|N/A|7.99 inch|N/A|N/A|Donald Duck|N/A|N/A|N/A|N/A|N/A|N/A|N/A|N/A|N/A|N/A|N/A|N/A|N/A|N/A|N/A|N/A|N/A|N/A|N/A|N/A|N/A|N/A|N/A|N/A|N/A|N/A|N/A|
Indian Gift Bazaar Small Red Teddy with Car Hanging Teddy - 10 inch|199|66%|599||||600 g|1 - 6 Years|Teddy Bears|N/A|N/A|10 inch|N/A|N/A|5 inch|9 inch|India|N/A|N/A|N/A|N/A|N/A|N/A|N/A|N/A|N/A|N/A|N/A|N/A|N/A|N/A|N/A|N/A|N/A|N/A|N/A|N/A|N/A|N/A|N/A|N/A|N/A|N/A|N/A|N/A|N/A|N/A|N/A|N/A|
Play N Pets Doraemon Bag|699|||4.7|3|3|202 g|6 - 12 Years|Cartoon Characters|Girls, Boys|1|N/A|N/A|Gentle Machine Wash|N/A|11.81 inch|India|N/A|10.62 inch|N/A|N/A|Doraemon|N/A|Yes|N/A|N/A|N/A|Polyester Fleece Shell|N/A|N/A|N/A|N/A|N/A|N/A|N/A|N/A|N/A|N/A|N/A|N/A|N/A|N/A|N/A|N/A|N/A|N/A|N/A|N/A|N/A|
Dimpy Stuff Bear with Heart Embroidery Someone Special - 21 inch|799|20%|999|4.2|1|5|800 g|3 - 20 Years|Teddy Bears|Girls, Boys|N/A|21 inch|Non Battery|1 Stuff Toy|N/A|N/A|India|N/A|N/A|N/A|N/A|N/A|N/A|N/A|N/A|N/A|N/A|N/A|N/A|N/A|N/A|N/A|N/A|N/A|N/A|N/A|N/A|N/A|N/A|N/A|N/A|N/A|N/A|N/A|N/A|N/A|N/A|N/A|N/A|
Dimpy Stuff Hello Kitty - 19.5 inch|959|20%|1199|4.6|8|31|1050 g|1 - 12 Years|Cartoon Characters|Girls|N/A|Large, 19.5 inch|N/A|N/A|10 inch|16 inch|India|N/A|19.5 inch|N/A|N/A|N/A|N/A|N/A|N/A|N/A|N/A|N/A|N/A|N/A|N/A|N/A|N/A|N/A|N/A|N/A|N/A|N/A|N/A|N/A|N/A|N/A|N/A|N/A|N/A|N/A|N/A|N/A|N/A|
Disney Winnie the Pooh Floppy Pooh - 17 inch|1329|5%|1399|4.2|1|8|N/A|3 - 14 Years|N/A|Girls, Boys|N/A|17 inch|N/A|N/A|N/A|N/A|China|N/A|17.01 inch|N/A|N/A|Winnie the Pooh|N/A|N/A|N/A|N/A|N/A|N/A|N/A|N/A|N/A|N/A|N/A|N/A|N/A|N/A|N/A|N/A|N/A|N/A|N/A|N/A|N/A|N/A|N/A|N/A|N/A|N/A|N/A|
Disney Minnie Big Head - Soft Boa - 8 inch|449|10%|499||||80 g|3 - 14 Years|Cartoon Characters|Girls|N/A|8 inch|Non Battery|1 Minnie Big Head|N/A|N/A|China|N/A|N/A|N/A|N/A|Minnie Mouse|N/A|Yes|N/A|N/A|N/A|N/A|N/A|N/A|N/A|N/A|N/A|N/A|N/A|N/A|N/A|N/A|N/A|N/A|N/A|N/A|N/A|N/A|N/A|N/A|N/A|N/A|N/A|
Disney Squirt - 10 inch|449|25%|599|4.6|||N/A|3 - 10 Years|Cartoon Characters|Boys, Girls|N/A|10 inch|N/A|N/A|N/A|N/A|China|N/A|N/A|N/A|N/A|N/A|Finding Nemo|N/A|N/A|N/A|N/A|N/A|N/A|N/A|N/A|N/A|N/A|N/A|N/A|N/A|N/A|N/A|N/A|N/A|N/A|N/A|N/A|N/A|N/A|N/A|N/A|N/A|N/A|
Ty Cookie - 6 inch|449|||3.8|2|8|90 g|2 - 12 Years|Pets & Animals|Boys, Girls|N/A|6 inch|Non Battery|N/A|N/A|N/A|USA|N/A|N/A|N/A|N/A|N/A|N/A|Yes|N/A|N/A|N/A|N/A|N/A|N/A|N/A|N/A|N/A|N/A|N/A|N/A|N/A|N/A|N/A|N/A|N/A|N/A|N/A|N/A|N/A|N/A|N/A|N/A|N/A|
Disney Minnie Wearing Manhattan Dress - 10 inch|719|10%|799|3.5|||95 g|0 - 15 Years|Cartoon Characters|Girls|N/A|10 inch|Non Battery|Soft Boa Material|N/A|N/A|N/A|N/A|10 inch|N/A|N/A|Minnie Mouse|N/A|N/A|N/A|N/A|N/A|N/A|N/A|N/A|N/A|N/A|N/A|N/A|N/A|N/A|N/A|N/A|N/A|N/A|N/A|N/A|N/A|N/A|N/A|N/A|N/A|N/A|N/A|
Madagascar Alex - 11 inch|675|3%|699|3.8|16|71|N/A|1 - 12 Years|Cartoon Characters|Boys, Girls|N/A|11 inch|N/A|N/A|N/A|N/A|N/A|N/A|N/A|N/A|N/A|N/A|N/A|N/A|N/A|N/A|N/A|N/A|N/A|N/A|N/A|N/A|N/A|N/A|N/A|N/A|N/A|N/A|N/A|N/A|N/A|N/A|N/A|N/A|N/A|N/A|N/A|N/A|N/A|
Tinytot Elephant With Ball - 1.65 mm|149|25%|199|3||1|200 g|1 - 8 Years|Interactive Soft Toys|N/A|N/A|Small, 1.65 mm|N/A|N/A|0.85 mm|0.85 mm|India|N/A|N/A|N/A|N/A|N/A|N/A|N/A|N/A|N/A|N/A|N/A|N/A|N/A|N/A|N/A|N/A|N/A|N/A|N/A|N/A|N/A|N/A|N/A|N/A|N/A|N/A|N/A|N/A|N/A|N/A|N/A|N/A|
Tinytot Small Ball - 1.05 mm|105|56%|239|5||1|200 g|0 - 6 Years|Soft Balls|N/A|N/A|Small, 1.05 mm|N/A|N/A|1.05 mm|1.05 mm|India|N/A|N/A|N/A|N/A|N/A|N/A|N/A|N/A|N/A|N/A|N/A|N/A|N/A|N/A|N/A|N/A|N/A|N/A|N/A|N/A|N/A|N/A|N/A|N/A|N/A|N/A|N/A|N/A|N/A|N/A|N/A|N/A|
Disney Pooh - 14 inch|885|1%|899|4.7|1|3|N/A|1 - 10 Years|N/A|Girls, Boys|N/A|14 inch|N/A|N/A|N/A|N/A|China|N/A|14.02 inch|N/A|N/A|Winnie the Pooh|N/A|N/A|N/A|N/A|N/A|N/A|N/A|N/A|N/A|N/A|N/A|N/A|N/A|N/A|N/A|N/A|N/A|N/A|N/A|N/A|N/A|N/A|N/A|N/A|N/A|N/A|N/A|
Tickles Doll with Light and Music - 14 inch|399|20%|505|1.5|1|2|300 g|1 - 6 Years|Dolls|N/A|N/A|Medium, 14 inch|N/A|N/A|3 inch|4 inch|India|Fiber|N/A|N/A|N/A|N/A|Doll|N/A|N/A|N/A|N/A|N/A|N/A|N/A|N/A|N/A|N/A|N/A|N/A|N/A|N/A|N/A|N/A|N/A|N/A|N/A|N/A|N/A|N/A|N/A|N/A|N/A|N/A|
Warner Bros Plush - Bugs Bunny - 14 inch|899|||4.2|1|14|N/A|1 - 7 Years|Cartoon Characters|Girls, Boys|N/A|14 inch|N/A|N/A|N/A|N/A|China|N/A|N/A|N/A|N/A|N/A|N/A|N/A|N/A|N/A|N/A|N/A|N/A|N/A|N/A|N/A|N/A|N/A|N/A|N/A|N/A|N/A|N/A|N/A|N/A|N/A|N/A|N/A|N/A|N/A|N/A|N/A|N/A|
E soft Innocent Cream Teddy Bear with Muffler - 14.4 Inch|477|53%|1030||||450 g|1 - 5 Years|Teddy Bears|N/A|N/A|14.4 Inch|N/A|N/A|9.6 inch|8.8 inch|India|N/A|N/A|N/A|N/A|N/A|N/A|N/A|N/A|N/A|N/A|N/A|N/A|N/A|N/A|N/A|N/A|N/A|N/A|N/A|N/A|N/A|N/A|N/A|N/A|N/A|N/A|N/A|N/A|N/A|N/A|N/A|N/A|
Tickles Cute Teddy With A Rose - 19 inch|660|5%|699|4||1|350 g|3 - 6 Years|Teddy Bears|N/A|N/A|Medium, 19 inch|N/A|N/A|5 inch|8 inch|India|Fiber|N/A|N/A|N/A|N/A|Teddy Bear|N/A|N/A|N/A|N/A|N/A|N/A|N/A|N/A|N/A|N/A|N/A|N/A|N/A|N/A|N/A|N/A|N/A|N/A|N/A|N/A|N/A|N/A|N/A|N/A|N/A|N/A|
Tickles Joker Cushion Clown Pillow|499|44%|900|3.8||4|N/A|N/A|Decorative Cushion|N/A|N/A|N/A|N/A|N/A|N/A|N/A|N/A|Polyfill|N/A|N/A|N/A|N/A|N/A|N/A|N/A|N/A|33 cm|Pile Cloth|N/A|N/A|N/A|N/A|N/A|N/A|N/A|N/A|N/A|Tickles|Yes|No|Back, Head, neck|Joker Cushion|AT-C005|Red|Pillow|N/A|N/A|N/A|N/A|
Indian Gift Bazaar Car Hanging Teddy - 4 inch|149|66%|449|2|1|4|500 g|1 - 6 Years|Teddy Bears|N/A|N/A|4 inch|N/A|N/A|2 inch|6 inch|India|N/A|N/A|N/A|N/A|N/A|N/A|N/A|N/A|N/A|N/A|N/A|N/A|N/A|N/A|N/A|N/A|N/A|N/A|N/A|N/A|N/A|N/A|N/A|N/A|N/A|N/A|N/A|N/A|N/A|N/A|N/A|N/A|
Dimpy Stuff Teddy Bear - 14 inch|285|4%|299|4.3|87|364|India|Teddy Bears|Girls, Boys|14 inch|N/A|Non Battery|Made of Super Soft Fabric|1 Stuff Toy|N/A|N/A|3 - 15 Years|N/A|N/A|N/A|N/A|N/A|N/A|N/A|N/A|N/A|N/A|N/A|N/A|N/A|N/A|N/A|N/A|N/A|N/A|N/A|N/A|N/A|N/A|N/A|N/A|N/A|N/A|N/A|N/A|250 g|N/A|N/A|N/A|
A Smile Toys & More Tiger - 11 inch|297|||3||2|360 g|3 - 5 Years|Pets & Animals|N/A|N/A|Small, 11 inch|N/A|N/A|0 Inch|0 Inch|India|Polyester, Cotton|11 inch|N/A|N/A|N/A|N/A|N/A|N/A|N/A|N/A|N/A|N/A|N/A|N/A|N/A|N/A|N/A|N/A|N/A|N/A|N/A|N/A|N/A|N/A|N/A|N/A|N/A|N/A|N/A|N/A|N/A|N/A|
Warner Bros Plush - Sylvester - 13 inch|799|||4.1|1|11|N/A|1 - 12 Years|Cartoon Characters|Girls, Boys|N/A|13 inch|N/A|N/A|N/A|N/A|China|N/A|N/A|N/A|N/A|Sylvester|N/A|N/A|N/A|N/A|N/A|N/A|N/A|N/A|N/A|N/A|N/A|N/A|N/A|N/A|N/A|N/A|N/A|N/A|N/A|N/A|N/A|N/A|N/A|N/A|N/A|N/A|N/A|
Porcupine 36 Inches Teddy Bear - 36 inch|1499|16%|1799||||1600 g|2 - 70 Years|Teddy Bears|N/A|N/A|36 inch|N/A|7 Days warranty for any manufacturing defect.|13 inch|13 inch|India|Inner Filling, Fiber/Outer, Fur|N/A|N/A|N/A|Teddy Bear|N/A|N/A|N/A|N/A|N/A|N/A|N/A|N/A|N/A|N/A|N/A|N/A|N/A|N/A|N/A|N/A|N/A|N/A|N/A|N/A|N/A|N/A|N/A|N/A|N/A|N/A|N/A|
Fullmoon Dog - 11 inch|299|50%|599|3.5|7|16|200 g|5 - 12 Years|Pets & Animals|N/A|N/A|11 inch|N/A|N/A|3 inch|4 inch|China|N/A|N/A|N/A|N/A|N/A|N/A|N/A|N/A|N/A|N/A|N/A|N/A|N/A|N/A|N/A|N/A|N/A|N/A|N/A|N/A|N/A|N/A|N/A|N/A|N/A|N/A|N/A|N/A|N/A|N/A|N/A|N/A|
Tickles Hugging Smiley Cushion Smiley Emoticons Pillow|499|44%|900|4.4|2|10|N/A|N/A|Decorative Cushion|N/A|N/A|N/A|N/A|N/A|N/A|N/A|N/A|Polyfill|N/A|N/A|N/A|N/A|N/A|N/A|N/A|N/A|33 cm|Pile Cloth|N/A|N/A|N/A|N/A|N/A|N/A|N/A|N/A|N/A|Tickles|Yes|No|Head, Back, neck|Hugging Smiley Cushion|AT-C007|Yellow|Pillow|N/A|N/A|N/A|N/A|
Dimpy Stuff Tiger - 10 inch|625|3%|649|4.3||3|375 g|3 - 12 Years|Pets & Animals|Girls, Boys|1|10 inch|N/A|N/A|6.5 inch|15 inch|India|N/A|10 inch|N/A|N/A|N/A|N/A|N/A|N/A|N/A|N/A|N/A|N/A|N/A|N/A|N/A|N/A|N/A|N/A|N/A|N/A|N/A|N/A|N/A|N/A|N/A|N/A|N/A|N/A|N/A|N/A|N/A|N/A|
Disney Mickey Flopsie New - 8 inch|452|9%|499|3.6|1|7|N/A|1 - 12 Years|Cartoon Characters|Girls, Boys|N/A|8 inch|N/A|N/A|N/A|N/A|China|N/A|7.99 inch|N/A|N/A|Mickey Mouse|N/A|N/A|N/A|N/A|N/A|N/A|N/A|N/A|N/A|N/A|N/A|N/A|N/A|N/A|N/A|N/A|N/A|N/A|N/A|N/A|N/A|N/A|N/A|N/A|N/A|N/A|N/A|
Tickles Doll with Light and Music - 14 inch|399|20%|505|1.5|||300 g|3 - 6 Years|Dolls|N/A|N/A|Medium, 14 inch|N/A|N/A|3 inch|4 inch|India|Fiber|N/A|N/A|N/A|N/A|Doll|N/A|N/A|N/A|N/A|N/A|N/A|N/A|N/A|N/A|N/A|N/A|N/A|N/A|N/A|N/A|N/A|N/A|N/A|N/A|N/A|N/A|N/A|N/A|N/A|N/A|N/A|
Disney Tigger - 14 inch|719|10%|799|3.5|1|4|N/A|0 - 12 Years|Cartoon Characters|Boys, Girls|N/A|14 inch|N/A|N/A|N/A|N/A|China|N/A|14.02 inch|N/A|N/A|Winnie the Pooh|N/A|N/A|N/A|N/A|N/A|N/A|N/A|N/A|N/A|N/A|N/A|N/A|N/A|N/A|N/A|N/A|N/A|N/A|N/A|N/A|N/A|N/A|N/A|N/A|N/A|N/A|N/A|
Wild Republic Wows Shark 7 inch - 11 inch|162|50%|325|4.7||3|750 g|1 - 6 Years|Pets & Animals|N/A|N/A|11 inch|N/A|N/A|4.7 inch|8 inch|China|N/A|N/A|N/A|N/A|N/A|N/A|N/A|N/A|N/A|N/A|N/A|N/A|N/A|N/A|N/A|N/A|N/A|N/A|N/A|N/A|N/A|N/A|N/A|N/A|N/A|N/A|N/A|N/A|N/A|N/A|N/A|N/A|
Indian Gift Bazaar Doll - 14 inch|199|63%|549|2|||500 g|1 - 6 Years|Dolls|N/A|N/A|14 inch|N/A|N/A|7 inch|8 inch|India|N/A|N/A|N/A|N/A|N/A|N/A|N/A|N/A|N/A|N/A|N/A|N/A|N/A|N/A|N/A|N/A|N/A|N/A|N/A|N/A|N/A|N/A|N/A|N/A|N/A|N/A|N/A|N/A|N/A|N/A|N/A|N/A|
Ty Wishful Unicorn - 6 inch|449|||4|1|4|90 g|3 - 15 Years|Pets & Animals|Girls, Boys|N/A|6 inch|Non Battery|N/A|N/A|N/A|USA|N/A|N/A|N/A|N/A|N/A|N/A|Yes|N/A|N/A|N/A|N/A|N/A|N/A|N/A|N/A|N/A|N/A|N/A|N/A|N/A|N/A|N/A|N/A|N/A|N/A|N/A|N/A|N/A|N/A|N/A|N/A|N/A|
Wonderkids Soft Ball Small - 4.5 inch|79|||4|1|1|60 g|2 - 8 Years|Soft Balls|N/A|N/A|4.5 inch|N/A|N/A|4.5 inch|4.5 inch|India|N/A|N/A|N/A|N/A|N/A|N/A|N/A|N/A|N/A|N/A|N/A|N/A|N/A|N/A|N/A|N/A|N/A|N/A|N/A|N/A|N/A|N/A|N/A|N/A|N/A|N/A|N/A|N/A|N/A|N/A|N/A|N/A|
E soft Hero Red Pillow with Teddy Bear - 12 Inch|454|49%|899|2|1|1|400 g|1 - 10 Years|Cushions & Pillows|N/A|N/A|12 Inch|N/A|N/A|16 inch|2.8 inch|India|N/A|N/A|N/A|N/A|N/A|N/A|N/A|N/A|N/A|N/A|N/A|N/A|N/A|N/A|N/A|N/A|N/A|N/A|N/A|N/A|N/A|N/A|N/A|N/A|N/A|N/A|N/A|N/A|N/A|N/A|N/A|N/A|
Disney Minnie Playtime Romper - 10 inch|599|25%|799|4|||10 inch|Cartoon Characters|Girls|Minnie Mouse|N/A|Non Battery|Soft Boa Material|1 Stuff Toy|N/A|N/A|N/A|N/A|0 - 7 Years|N/A|N/A|10 inch|N/A|N/A|N/A|N/A|N/A|N/A|N/A|N/A|N/A|N/A|N/A|N/A|N/A|N/A|N/A|N/A|N/A|N/A|N/A|N/A|N/A|N/A|N/A|N/A|95 g|N/A|N/A|
Fullmoon Dog - 11 inch|295|31%|432|3.5|7|16|200 g|5 - 12 Years|Pets & Animals|N/A|N/A|11 inch|N/A|N/A|3 inch|4 inch|China|N/A|N/A|N/A|N/A|N/A|N/A|N/A|N/A|N/A|N/A|N/A|N/A|N/A|N/A|N/A|N/A|N/A|N/A|N/A|N/A|N/A|N/A|N/A|N/A|N/A|N/A|N/A|N/A|N/A|N/A|N/A|N/A|
Disney Dumbo - 10 inch|710|11%|799|5|1|5|N/A|0 - 10 Years|Cartoon Characters|Girls, Boys|N/A|10 inch|N/A|N/A|N/A|N/A|China|N/A|10 inch|N/A|N/A|Dumbo|N/A|N/A|N/A|N/A|N/A|N/A|N/A|N/A|N/A|N/A|N/A|N/A|N/A|N/A|N/A|N/A|N/A|N/A|N/A|N/A|N/A|N/A|N/A|N/A|N/A|N/A|N/A|
Indian Gift Bazaar Sun Shine Cap Teddy with Car Hanging Teddy - 12 inch|199|63%|549||||600 g|1 - 6 Years|Teddy Bears|N/A|N/A|12 inch|N/A|N/A|6 inch|8 inch|India|N/A|N/A|N/A|N/A|N/A|N/A|N/A|N/A|N/A|N/A|N/A|N/A|N/A|N/A|N/A|N/A|N/A|N/A|N/A|N/A|N/A|N/A|N/A|N/A|N/A|N/A|N/A|N/A|N/A|N/A|N/A|N/A|
Disney Minnie Wearing Valentine Dress - 10 inch|599|25%|799|4.7|3|3|95 g|2 - 8 Years|Cartoon Characters|Girls|N/A|10 inch|Non Battery|Soft Boa Material|N/A|N/A|N/A|N/A|10 inch|N/A|N/A|Minnie Mouse|N/A|N/A|N/A|N/A|N/A|N/A|N/A|N/A|N/A|N/A|N/A|N/A|N/A|N/A|N/A|N/A|N/A|N/A|N/A|N/A|N/A|N/A|N/A|N/A|N/A|N/A|N/A|
Joey Toys Honey Teddy - 10 inch|309|46%|579|3.8||4|200 g|1 - 16 Years|Teddy Bears|N/A|N/A|Small, 10 inch|N/A|N/A|8.5 inch|6.5 inch|India|Polyester, Cotton|N/A|N/A|N/A|Teddy Bear|Teddy Bear|N/A|N/A|N/A|N/A|N/A|N/A|N/A|N/A|N/A|N/A|N/A|N/A|N/A|N/A|N/A|N/A|N/A|N/A|N/A|N/A|N/A|N/A|N/A|N/A|N/A|N/A|
Dimpy Stuff Apple Fruit Toy Cushion - 12.99 inch|165|7%|179|3.6||5|100 g|1 - 12 Years|Cushions & Pillows|Boys, Girls|1|12.99 inch|Non Battery|Apple Fruit Cushion|N/A|N/A|India|N/A|N/A|N/A|N/A|N/A|N/A|Yes|N/A|N/A|N/A|N/A|N/A|N/A|N/A|N/A|N/A|N/A|N/A|N/A|N/A|N/A|N/A|N/A|N/A|N/A|N/A|N/A|N/A|N/A|N/A|N/A|N/A|
Dimpy Stuff Couple Bear - 15.7 Inch|1010|8%|1099|4.4|57|296|N/A|3 - 5 Years|Teddy Bears|Girls, Boys|1|15.7 Inch|N/A|N/A|N/A|N/A|India|N/A|N/A|N/A|N/A|N/A|N/A|N/A|N/A|N/A|N/A|N/A|N/A|N/A|N/A|N/A|N/A|N/A|N/A|N/A|N/A|N/A|N/A|N/A|N/A|N/A|N/A|N/A|N/A|N/A|N/A|N/A|N/A|
Fullmoon Panda - 10 inch|449|55%|999|5||1|170 g|5 - 12 Years|Pets & Animals|N/A|N/A|10 inch|N/A|N/A|5 inch|4 inch|China|N/A|N/A|N/A|N/A|N/A|N/A|N/A|N/A|N/A|N/A|N/A|N/A|N/A|N/A|N/A|N/A|N/A|N/A|N/A|N/A|N/A|N/A|N/A|N/A|N/A|N/A|N/A|N/A|N/A|N/A|N/A|N/A|
Dimpy Stuff Penguin with Muffler - 13.77 Inch|649|||4.3|||N/A|Pets & Animals|Girls, Boys|1|13.77 Inch|N/A|N/A|N/A|N/A|N/A|3 - 12 Years|N/A|N/A|N/A|N/A|N/A|N/A|N/A|N/A|N/A|N/A|N/A|N/A|N/A|N/A|N/A|N/A|N/A|N/A|N/A|N/A|N/A|N/A|N/A|N/A|N/A|N/A|N/A|N/A|N/A|N/A|China|N/A|
Funzoo Hanuman Ji - 12 inch|219|||4||2|200 g|2 - 10 Years|Cartoon Characters|N/A|N/A|Small, 12 inch|N/A|N/A|3.14960629921259 inch|2.36220472440944 inch|India|Cotton|N/A|N/A|N/A|Krishna|N/A|N/A|N/A|N/A|N/A|N/A|N/A|N/A|N/A|N/A|N/A|N/A|N/A|N/A|N/A|N/A|N/A|N/A|N/A|N/A|N/A|N/A|N/A|N/A|N/A|N/A|N/A|
Joey Toys Mother Child Teddy - 21.6 inch|989|40%|1669|4.6|1|5|1100 g|1 - 16 Years|Teddy Bears|N/A|N/A|Large, 21.6 inch|N/A|N/A|15.7 inch|15.7 inch|India|Polyester, Cotton|N/A|N/A|N/A|Teddy Bear|Teddy Bear|N/A|N/A|N/A|N/A|N/A|N/A|N/A|N/A|N/A|N/A|N/A|N/A|N/A|N/A|N/A|N/A|N/A|N/A|N/A|N/A|N/A|N/A|N/A|N/A|N/A|N/A|
Tickles Elephant with Ball - 10 inch|399|22%|518||||400 g|3 - 6 Years|Pets & Animals|N/A|N/A|Medium, 10 inch|N/A|N/A|4 inch|6 inch|India|Fiber|N/A|N/A|N/A|N/A|Animal Shop|N/A|N/A|N/A|N/A|N/A|N/A|N/A|N/A|N/A|N/A|N/A|N/A|N/A|N/A|N/A|N/A|N/A|N/A|N/A|N/A|N/A|N/A|N/A|N/A|N/A|N/A|
A Smile Toys & More Pug Dog - 12 inch|280|20%|350|5||1|245 g|3 - 5 Years|Pets & Animals|N/A|N/A|Small, 12 inch|N/A|N/A|0 inch|0 inch|India|Polyester, Cotton|N/A|N/A|N/A|N/A|N/A|N/A|N/A|N/A|N/A|N/A|N/A|N/A|N/A|N/A|N/A|N/A|N/A|N/A|N/A|N/A|N/A|N/A|N/A|N/A|N/A|N/A|N/A|N/A|N/A|N/A|N/A|
Angry Birds Plush|510|7%|549|4.3|3|12|40 g|1 - 10 Years|Cartoon Characters|Girls, Boys|1|8 inch|N/A|N/A|8.27 inch|8.66 inch|China|N/A|11.81 inch|N/A|N/A|N/A|N/A|N/A|N/A|N/A|N/A|N/A|N/A|N/A|N/A|N/A|N/A|N/A|N/A|N/A|N/A|N/A|N/A|N/A|N/A|N/A|N/A|N/A|N/A|N/A|N/A|N/A|N/A|
Fullmoon Frog Handy Glove - 8 inch|229|42%|399|3.3|1|3|50 g|5 - 12 Years|Pets & Animals|N/A|N/A|8 inch|N/A|N/A|4.5 inch|2.5 inch|China|N/A|N/A|N/A|N/A|N/A|N/A|N/A|N/A|N/A|N/A|N/A|N/A|N/A|N/A|N/A|N/A|N/A|N/A|N/A|N/A|N/A|N/A|N/A|N/A|N/A|N/A|N/A|N/A|N/A|N/A|N/A|N/A|
Indian Gift Bazaar Forest Tiger Small - 7 inch|220|40%|369||||500 g|1 - 8 Years|Pets & Animals|N/A|N/A|7 inch|N/A|N/A|4 inch|11 inch|India|N/A|N/A|N/A|N/A|N/A|N/A|N/A|N/A|N/A|N/A|N/A|N/A|N/A|N/A|N/A|N/A|N/A|N/A|N/A|N/A|N/A|N/A|N/A|N/A|N/A|N/A|N/A|N/A|N/A|N/A|N/A|N/A|
Play N Pets Sit Bear with Hat and Scarf - 9.84 inch|549|||4.5||14|346 g|1 - 12 Years|Teddy Bears|Boys, Girls|1|9.84 inch|Non Battery|Machine Washable|8.66 inch|8.66 inch|India|Polyester|9.84 inch|N/A|N/A|N/A|N/A|N/A|N/A|30.31 inch|22.44 inch|N/A|N/A|22.44 inch|N/A|N/A|N/A|N/A|N/A|N/A|N/A|N/A|N/A|N/A|N/A|N/A|N/A|N/A|N/A|N/A|N/A|N/A|N/A|
Ty Myrtle Turtle - 6 inch|449|||4.4|3|5|90 g|2 - 12 Years|Pets & Animals|Girls, Boys|N/A|6 inch|Non Battery|N/A|N/A|N/A|USA|N/A|N/A|N/A|N/A|N/A|N/A|Yes|N/A|N/A|N/A|N/A|N/A|N/A|N/A|N/A|N/A|N/A|N/A|N/A|N/A|N/A|N/A|N/A|N/A|N/A|N/A|N/A|N/A|N/A|N/A|N/A|N/A|
Dreamworks Kung-Fu Panda 10 inch Plush Toy - 10 Inch|695|||5||2|200 g|0 - 12 Years|Cartoon Characters|N/A|N/A|10 Inch|N/A|N/A|1.5 inch|7.5 inch|China|N/A|N/A|N/A|N/A|Kung-Fu Panda|N/A|N/A|N/A|N/A|N/A|N/A|N/A|N/A|N/A|N/A|N/A|N/A|N/A|N/A|N/A|N/A|N/A|N/A|N/A|N/A|N/A|N/A|N/A|N/A|N/A|N/A|N/A|
Tickles Hugging Teddy - 4.5 inch|299|14%|348|3.8||5|100 g|3 - 6 Years|Teddy Bears|N/A|N/A|Small, 4.5 inch|N/A|N/A|1.5 inch|1.9 inch|India|Fiber|4.3 inch|N/A|N/A|N/A|Animal Shop|N/A|N/A|N/A|N/A|N/A|N/A|N/A|N/A|N/A|N/A|N/A|N/A|N/A|N/A|N/A|N/A|N/A|N/A|N/A|N/A|N/A|N/A|N/A|N/A|N/A|N/A|
Disney Baloo - 8 inch|399|||4.8||6|50 g|0 - 12 Years|Cartoon Characters|Girls, Boys|N/A|8 inch|N/A|N/A|3.1 inch|6 inch|China|N/A|7 inch|N/A|N/A|Bear|N/A|N/A|N/A|N/A|N/A|N/A|N/A|N/A|N/A|N/A|N/A|N/A|N/A|N/A|N/A|N/A|N/A|N/A|N/A|N/A|N/A|N/A|N/A|N/A|N/A|N/A|N/A|
Disney Minnie With Heart - 10 Inch|674|25%|899||||N/A|N/A|N/A|Girls, Boys|N/A|10 Inch|N/A|N/A|N/A|N/A|China|N/A|N/A|N/A|N/A|Minnie Mouse|N/A|N/A|N/A|N/A|N/A|N/A|N/A|N/A|N/A|N/A|N/A|N/A|N/A|N/A|N/A|N/A|N/A|N/A|N/A|N/A|N/A|N/A|N/A|N/A|N/A|N/A|N/A|
Funzoo Bull Dog CD - 10 inch|159|||3||1|150 g|2 - 10 Years|Pets & Animals|N/A|N/A|Small, 10 inch|N/A|N/A|3.14960629921259 inch|6.29921259842519 inch|India|Cotton|N/A|N/A|N/A|N/A|N/A|N/A|N/A|N/A|N/A|N/A|N/A|N/A|N/A|N/A|N/A|N/A|N/A|N/A|N/A|N/A|N/A|N/A|N/A|N/A|N/A|N/A|N/A|N/A|N/A|N/A|N/A|
Tickles Dog Pillow - 14 inch|400|33%|599|4.5||2|250 g|3 - 6 Years|Cushions & Pillows|N/A|N/A|Medium, 14 inch|N/A|N/A|4 inch|9 inch|India|Fiber|N/A|N/A|N/A|N/A|Dog|N/A|N/A|N/A|N/A|N/A|N/A|N/A|N/A|N/A|N/A|N/A|N/A|N/A|N/A|N/A|N/A|N/A|N/A|N/A|N/A|N/A|N/A|N/A|N/A|N/A|N/A|
Porcupine 36 Inches Teddy Bear - 36 inch|1499|16%|1799||||1600 g|2 - 70 Years|Teddy Bears|N/A|N/A|36 inch|N/A|7 days warranty for any manufacturing defect|13 inch|13 inch|India|Inner Filling:- Fiber/Outer:- Fur|N/A|N/A|N/A|teddy bear|N/A|N/A|N/A|N/A|N/A|N/A|N/A|N/A|N/A|N/A|N/A|N/A|N/A|N/A|N/A|N/A|N/A|N/A|N/A|N/A|N/A|N/A|N/A|N/A|N/A|N/A|N/A|
Ty Stripes Tiger - 6 inch|449|||4.1|3|14|70 g|2 - 10 Years|Pets & Animals|Boys, Girls|1|6 inch|N/A|Polypack|N/A|N/A|USA|N/A|N/A|N/A|N/A|N/A|N/A|N/A|N/A|N/A|N/A|N/A|N/A|N/A|N/A|N/A|N/A|N/A|N/A|N/A|N/A|N/A|N/A|N/A|N/A|N/A|N/A|N/A|N/A|N/A|N/A|N/A|N/A|
Tickles Cute Red Teddy - 8 inch|299|23%|390|3|1|1|350 g|2 - 14 Years|Teddy Bears|N/A|N/A|Medium, 8 inch|N/A|N/A|2 inch|4 inch|India|Fiber|N/A|N/A|N/A|N/A|Teddy Bear|N/A|N/A|N/A|N/A|N/A|N/A|N/A|N/A|N/A|N/A|N/A|N/A|N/A|N/A|N/A|N/A|N/A|N/A|N/A|N/A|N/A|N/A|N/A|N/A|N/A|N/A|
Fullmoon Tiger - 18 inch|499|44%|899|4|1|7|350 g|5 - 20 Years|Pets & Animals|N/A|N/A|18 inch|N/A|N/A|13 inch|30 inch|China|N/A|N/A|N/A|N/A|N/A|N/A|N/A|N/A|N/A|N/A|N/A|N/A|N/A|N/A|N/A|N/A|N/A|N/A|N/A|N/A|N/A|N/A|N/A|N/A|N/A|N/A|N/A|N/A|N/A|N/A|N/A|N/A|
Dimpy Stuff Soft Ball - 6.69 inch|109|||3.7|12|49|100 g|3 - 12 Years|Soft Balls|Girls, Boys|1|6.69 inch|Non Battery|Non-toxic|N/A|N/A|India|N/A|N/A|N/A|N/A|N/A|N/A|Yes|N/A|N/A|N/A|N/A|N/A|N/A|N/A|N/A|N/A|N/A|N/A|N/A|N/A|N/A|N/A|N/A|N/A|N/A|N/A|N/A|N/A|N/A|N/A|N/A|N/A|
Disney Snow White - 8 inch|374|25%|499|1|1|1|N/A|3 - 15 Years|Cartoon Characters|Girls|1|8 inch|Non Battery|N/A|2.75 inch|5.51 inch|China|N/A|9.05 inch|N/A|N/A|Snow White|N/A|Yes|N/A|N/A|N/A|N/A|N/A|N/A|N/A|N/A|N/A|N/A|N/A|N/A|N/A|N/A|N/A|N/A|N/A|N/A|N/A|N/A|N/A|N/A|N/A|N/A|N/A|
Disney Sofa Boa - Piglet|629|10%|699|5||2|N/A|1 - 8 Years|Cartoon Characters|Boys, Girls|N/A|10 inch|N/A|N/A|N/A|N/A|China|N/A|N/A|N/A|N/A|Piglet|N/A|N/A|N/A|N/A|N/A|N/A|N/A|N/A|N/A|N/A|N/A|N/A|N/A|N/A|N/A|N/A|N/A|N/A|N/A|N/A|N/A|N/A|N/A|N/A|N/A|N/A|N/A|
Tickles Smiling Doll - 36 cm|399|29%|568||||200 g|1 - 16 Years|Dolls|N/A|N/A|36 cm, 36 cm|N/A|N/A|1.57 inch|3.9 inch|India|Fiber|14.1732283464567 inch|N/A|N/A|N/A|Doll|N/A|N/A|N/A|N/A|N/A|N/A|N/A|N/A|N/A|N/A|N/A|N/A|N/A|N/A|N/A|N/A|N/A|N/A|N/A|N/A|N/A|N/A|N/A|N/A|N/A|N/A|
Disney Winnie the Pooh - Piglet Puppet - 10 inch|494|10%|549|3.5||2|N/A|0 - 6 Years|Puppets|Girls|N/A|10 inch|N/A|N/A|N/A|N/A|China|N/A|N/A|N/A|N/A|Piglet|N/A|N/A|N/A|N/A|N/A|N/A|N/A|N/A|N/A|N/A|N/A|N/A|N/A|N/A|N/A|N/A|N/A|N/A|N/A|N/A|N/A|N/A|N/A|N/A|N/A|N/A|N/A|
Joey Toys Heart 10 - 9.8 inch|161|42%|279|5||1|100 g|1 - 16 Years|Cushions & Pillows|N/A|N/A|9.8 inch|N/A|N/A|11 inch|2.3 inch|India|Polyester, Cotton|N/A|N/A|N/A|N/A|Heart|N/A|N/A|N/A|N/A|N/A|N/A|N/A|N/A|N/A|N/A|N/A|N/A|N/A|N/A|N/A|N/A|N/A|N/A|N/A|N/A|N/A|N/A|N/A|N/A|N/A|N/A|
Disney Mickey Cuddle - 17 inch|1259|10%|1399|3.8|4|6|N/A|1 - 12 Years|Cartoon Characters|Boys, Girls|N/A|17 inch|N/A|N/A|N/A|N/A|China|N/A|17.01 inch|N/A|N/A|Mickey Mouse|N/A|N/A|N/A|N/A|N/A|N/A|N/A|N/A|N/A|N/A|N/A|N/A|N/A|N/A|N/A|N/A|N/A|N/A|N/A|N/A|N/A|N/A|N/A|N/A|N/A|N/A|N/A|
Play N Pets Sit Bear with Hat and Scarf - 9.84 inch|549|||4.5||14|346 g|0 - 6 Years|Teddy Bears|Girls, Boys|1|9.84 inch|Non Battery|1 Teddy Bear|8.66 inch|8.66 inch|India|Polyester|9.84 inch|N/A|N/A|N/A|N/A|N/A|N/A|30.31 inch|22.44 inch|N/A|N/A|22.44 inch|N/A|N/A|N/A|N/A|N/A|N/A|N/A|N/A|N/A|N/A|N/A|N/A|N/A|N/A|N/A|N/A|N/A|N/A|N/A|
Disney Pluto Playtime Romper - 10 inch|599|25%|799|5||4|95 g|0 - 5 Years|Cartoon Characters|Girls, Boys|N/A|10 inch|Non Battery|1 Stuff Toy|N/A|N/A|N/A|N/A|10 inch|N/A|N/A|Pluto|N/A|N/A|N/A|N/A|N/A|N/A|N/A|N/A|N/A|N/A|N/A|N/A|N/A|N/A|N/A|N/A|N/A|N/A|N/A|N/A|N/A|N/A|N/A|N/A|N/A|N/A|N/A|
Tickles Elephant Pillow Cum Toy Jungle Animal Pillow|499|44%|899|4.5|2|4|N/A|N/A|Decorative Cushion|N/A|N/A|N/A|N/A|N/A|N/A|N/A|N/A|Polyfill|N/A|N/A|N/A|N/A|N/A|N/A|N/A|N/A|43 cm|Pile Cloth|N/A|N/A|N/A|N/A|N/A|N/A|N/A|N/A|N/A|Tickles|Yes|No|Back, Head, neck|Elephant Pillow Cum Toy|AT-C022|Grey|Pillow|N/A|N/A|N/A|N/A|
Angry Birds Plush|299|14%|349|4.1|6|30|40 g|1 - 10 Years|Cartoon Characters|Girls, Boys|1|5 inch|N/A|N/A|N/A|N/A|China|N/A|N/A|N/A|N/A|N/A|N/A|N/A|N/A|N/A|N/A|N/A|N/A|N/A|N/A|N/A|N/A|N/A|N/A|N/A|N/A|N/A|N/A|N/A|N/A|N/A|N/A|N/A|N/A|N/A|N/A|N/A|N/A|
Ty Hello Kitty Angel - 6 inch|466|15%|549|2.2||4|USA|Cartoon Characters|Yes|Hello Kitty|N/A|Non Battery|1 Stuff Toy|N/A|N/A|N/A|2 - 10 Years|N/A|N/A|N/A|N/A|6 inch|N/A|Boys, Girls|N/A|N/A|N/A|N/A|N/A|N/A|N/A|85 g|N/A|N/A|N/A|N/A|N/A|N/A|N/A|N/A|N/A|N/A|N/A|N/A|N/A|N/A|N/A|N/A|N/A|
Dimpy Stuff Strawberry Fruit Toy Cushion - 12.99 inch|170|5%|179|4.2|1|4|100 g|1 - 10 Years|Cushions & Pillows|Girls, Boys|1|12.99 inch|Non Battery|Strawberry Fruit Cushion|N/A|N/A|India|N/A|N/A|N/A|N/A|N/A|N/A|Yes|N/A|N/A|N/A|N/A|N/A|N/A|N/A|N/A|N/A|N/A|N/A|N/A|N/A|N/A|N/A|N/A|N/A|N/A|N/A|N/A|N/A|N/A|N/A|N/A|N/A|
Indian Gift Bazaar Car Hanging Teddy - 4 inch|149|66%|449|2|1|4|500 g|1 - 6 Years|Teddy Bears|N/A|N/A|4 inch|N/A|N/A|2 inch|6 inch|India|N/A|N/A|N/A|N/A|N/A|N/A|N/A|N/A|N/A|N/A|N/A|N/A|N/A|N/A|N/A|N/A|N/A|N/A|N/A|N/A|N/A|N/A|N/A|N/A|N/A|N/A|N/A|N/A|N/A|N/A|N/A|N/A|
Tinytot Rabbit SS Pen Stand - 1.65 mm|149|25%|199||||200 g|0 - 5 Years|Interactive Soft Toys|N/A|N/A|1.65 mm|N/A|N/A|0.75 inch|0.75 inch|India|N/A|N/A|N/A|N/A|N/A|N/A|N/A|N/A|N/A|N/A|N/A|N/A|N/A|N/A|N/A|N/A|N/A|N/A|N/A|N/A|N/A|N/A|N/A|N/A|N/A|N/A|N/A|N/A|N/A|N/A|N/A|N/A|
E soft Hero Purple Pillow with Teddy Bear - 12 Inch|454|54%|999||||400 g|1 - 12 Years|Cushions & Pillows|N/A|N/A|12 Inch|N/A|N/A|16 inch|2.8 inch|India|N/A|N/A|N/A|N/A|N/A|N/A|N/A|N/A|N/A|N/A|N/A|N/A|N/A|N/A|N/A|N/A|N/A|N/A|N/A|N/A|N/A|N/A|N/A|N/A|N/A|N/A|N/A|N/A|N/A|N/A|N/A|N/A|
Indian Gift Bazaar Double Heart Teddy - 18 inch|349|61%|899|1|1|2|500 g|1 - 20 Years|Teddy Bears|N/A|N/A|18 inch|N/A|N/A|9 inch|12 inch|India|N/A|N/A|N/A|N/A|N/A|N/A|N/A|N/A|N/A|N/A|N/A|N/A|N/A|N/A|N/A|N/A|N/A|N/A|N/A|N/A|N/A|N/A|N/A|N/A|N/A|N/A|N/A|N/A|N/A|N/A|N/A|N/A|
Pillowpets Dalmatian - 9.3 inch|749|50%|1499||||470 g|3 - 15 Years|Cushions & Pillows|Girls, Boys|N/A|9.3 inch|Non Battery|N/A|9.5 inch|18.2 inch|N/A|N/A|9.3 inch|N/A|N/A|N/A|N/A|N/A|N/A|N/A|N/A|N/A|N/A|N/A|N/A|N/A|N/A|N/A|N/A|N/A|N/A|N/A|N/A|N/A|N/A|N/A|N/A|N/A|N/A|N/A|N/A|N/A|N/A|
Joey Toys Mother Child Teddy - 16.5 inch|707|41%|1199|4.6|1|5|700 g|2 - 20 Years|Teddy Bears|N/A|N/A|Large, 16.5 inch|N/A|N/A|13.7 inch|13.7 inch|India|Polyester, Cotton|N/A|N/A|N/A|Teddy Bear|Teddy Bear|N/A|N/A|N/A|N/A|N/A|N/A|N/A|N/A|N/A|N/A|N/A|N/A|N/A|N/A|N/A|N/A|N/A|N/A|N/A|N/A|N/A|N/A|N/A|N/A|N/A|N/A|
Disney Nemo - 10 inch|539|10%|599|4.3|2|18|N/A|2 - 10 Years|Cartoon Characters|Girls, Boys|N/A|10 inch|N/A|N/A|N/A|N/A|China|N/A|N/A|N/A|N/A|N/A|Finding Nemo|N/A|N/A|N/A|N/A|N/A|N/A|N/A|N/A|N/A|N/A|N/A|N/A|N/A|N/A|N/A|N/A|N/A|N/A|N/A|N/A|N/A|N/A|N/A|N/A|N/A|N/A|
Tickles Elephant - 27 cm|324|23%|421||||200 g|1 - 16 Years|Pets & Animals|N/A|N/A|27 cm, 27 cm|N/A|N/A|2.7 inch|5.1 inch|India|Fiber|10.6299212598425 inch|N/A|N/A|N/A|Animal Shop|N/A|N/A|N/A|N/A|N/A|N/A|N/A|N/A|N/A|N/A|N/A|N/A|N/A|N/A|N/A|N/A|N/A|N/A|N/A|N/A|N/A|N/A|N/A|N/A|N/A|N/A|
Fun&Funky Pink Teddy With Red Heart - 6 Inch|199|83%|1199||||120 g|1 - 10 Years|Teddy Bears|N/A|N/A|6 Inch|N/A|N/A|6 inch|6 inch|India|N/A|N/A|N/A|N/A|N/A|N/A|N/A|N/A|N/A|N/A|N/A|N/A|N/A|N/A|N/A|N/A|N/A|N/A|N/A|N/A|N/A|N/A|N/A|N/A|N/A|N/A|N/A|N/A|N/A|N/A|N/A|N/A|
Dimpy Stuff Soft Ball - 8.26 inch|145|||3.7|12|49|100 g|3 - 15 Years|Soft Balls|Girls, Boys|1|8.26 inch|Non Battery|Non-toxic|N/A|N/A|India|N/A|N/A|N/A|N/A|N/A|N/A|Yes|N/A|N/A|N/A|N/A|N/A|N/A|N/A|N/A|N/A|N/A|N/A|N/A|N/A|N/A|N/A|N/A|N/A|N/A|N/A|N/A|N/A|N/A|N/A|N/A|N/A|
Smiledrive Snuggle Arm Shaped Stuffed Pillow Toy - 25 inch|899|40%|1499|3.8|3|4|150 g|4 - 12 Years|Cushions & Pillows|N/A|N/A|25 inch|N/A|15 Days Replacement Warranty|5 inch|22 inch|China|Polyester, Cotton|N/A|N/A|N/A|N/A|N/A|N/A|N/A|N/A|N/A|N/A|N/A|N/A|N/A|N/A|N/A|N/A|N/A|N/A|N/A|N/A|N/A|N/A|N/A|N/A|N/A|N/A|N/A|N/A|N/A|N/A|N/A|
Funzoo Makhan Chor - 12 inch|289|||5|1|1|200 g|2 - 10 Years|Cartoon Characters|N/A|N/A|Small, 12 inch|N/A|N/A|3.93700787401574 inch|6.69291338582677 inch|India|Cotton|N/A|N/A|N/A|Krishna|N/A|N/A|N/A|N/A|N/A|N/A|N/A|N/A|N/A|N/A|N/A|N/A|N/A|N/A|N/A|N/A|N/A|N/A|N/A|N/A|N/A|N/A|N/A|N/A|N/A|N/A|N/A|
Indian Gift Bazaar Lord Ganesha - 9 inch|299|62%|799||||500 g|1 - 6 Years|Interactive Soft Toys|N/A|N/A|9 inch|N/A|N/A|4 inch|16 inch|India|N/A|N/A|N/A|N/A|N/A|N/A|N/A|N/A|N/A|N/A|N/A|N/A|N/A|N/A|N/A|N/A|N/A|N/A|N/A|N/A|N/A|N/A|N/A|N/A|N/A|N/A|N/A|N/A|N/A|N/A|N/A|N/A|
Tickles Hugging Pair Teddy with Heart - 6 inch|380|36%|599|4||4|100 g|3 - 6 Years|Teddy Bears|N/A|N/A|Medium, 6 inch|N/A|N/A|3 inch|4 inch|India|Fiber|6 inch|N/A|N/A|N/A|Animal Shop|N/A|N/A|N/A|N/A|N/A|N/A|N/A|N/A|N/A|N/A|N/A|N/A|N/A|N/A|N/A|N/A|N/A|N/A|N/A|N/A|N/A|N/A|N/A|N/A|N/A|N/A|
Disney Donald Big Head - Soft Boa - 8 inch|374|25%|499|1||1|80 g|3 - 15 Years|Cartoon Characters|Girls, Boys|N/A|8 inch|Non Battery|N/A|N/A|N/A|China|N/A|N/A|N/A|N/A|Donald Duck|N/A|Yes|N/A|N/A|N/A|N/A|N/A|N/A|N/A|N/A|N/A|N/A|N/A|N/A|N/A|N/A|N/A|N/A|N/A|N/A|N/A|N/A|N/A|N/A|N/A|N/A|N/A|
E soft Cute Colorful Caterpillar Soft Toy-55 cm - 2.4 inch|249|50%|499|2.3|2|3|400 g|1 - 5 Years|Pets & Animals|Boys, Girls|N/A|2.4 inch|N/A|N/A|22 inch|2.4 inch|India|N/A|N/A|N/A|N/A|N/A|N/A|N/A|N/A|N/A|N/A|N/A|N/A|N/A|N/A|N/A|N/A|N/A|N/A|N/A|N/A|N/A|N/A|N/A|N/A|N/A|N/A|N/A|N/A|N/A|N/A|N/A|N/A|
Tickles I Love You Teddy - 3 inch|199|24%|265|3||1|100 g|3 - 6 Years|Teddy Bears|N/A|N/A|Small, 3 inch|N/A|N/A|1.3 inch|1.5 inch|India|Fiber|2.7 inch|N/A|N/A|N/A|Animal Shop|N/A|N/A|N/A|N/A|N/A|N/A|N/A|N/A|N/A|N/A|N/A|N/A|N/A|N/A|N/A|N/A|N/A|N/A|N/A|N/A|N/A|N/A|N/A|N/A|N/A|N/A|
Indian Gift Bazaar Small Teddy - 10 inch|259|48%|499|1|1|1|500 g|1 - 10 Years|Teddy Bears|N/A|N/A|10 inch|N/A|N/A|5 inch|9 inch|India|N/A|N/A|N/A|N/A|N/A|N/A|N/A|N/A|N/A|N/A|N/A|N/A|N/A|N/A|N/A|N/A|N/A|N/A|N/A|N/A|N/A|N/A|N/A|N/A|N/A|N/A|N/A|N/A|N/A|N/A|N/A|N/A|
Animal Planet Forest Collectibles - Orangutan - 6 inch|399|||3.7||3|N/A|3 - 15 Years|Interactive Soft Toys|Boys, Girls|N/A|6 inch|N/A|N/A|N/A|N/A|China|N/A|N/A|N/A|N/A|N/A|N/A|N/A|N/A|N/A|N/A|N/A|N/A|N/A|N/A|N/A|N/A|N/A|N/A|N/A|N/A|N/A|N/A|N/A|N/A|N/A|N/A|N/A|N/A|N/A|N/A|N/A|N/A|
Fullmoon Pen Stand - 6 inch|249|54%|549|4.6||5|200 g|5 - 12 Years|Pets & Animals|N/A|N/A|6 inch|N/A|N/A|3 inch|5.5 inch|China|N/A|N/A|N/A|N/A|N/A|N/A|N/A|N/A|N/A|N/A|N/A|N/A|N/A|N/A|N/A|N/A|N/A|N/A|N/A|N/A|N/A|N/A|N/A|N/A|N/A|N/A|N/A|N/A|N/A|N/A|N/A|N/A|
Tickles Cap Teddy - 36 cm|399|11%|452||||250 g|1 - 41 Years|Teddy Bears|N/A|N/A|36 cm, 36 cm|N/A|N/A|6 cm|12 cm|India|Fiber|36 cm|N/A|N/A|N/A|Teddy Bears|N/A|N/A|N/A|N/A|N/A|N/A|N/A|N/A|N/A|N/A|N/A|N/A|N/A|N/A|N/A|N/A|N/A|N/A|N/A|N/A|N/A|N/A|N/A|N/A|N/A|N/A|
Play N Pets Elephant - 11.81 inch|411|25%|549|3.4|1|8|320 g|0 - 15 Years|Pets & Animals|Girls, Boys|1|11.81 inch|Non Battery|1 Elephant|3.94 inch|11.81 inch|India|Polyester|11.81 inch|N/A|N/A|N/A|N/A|N/A|N/A|30.31 inch|22.44 inch|N/A|N/A|22.44 inch|N/A|N/A|N/A|N/A|N/A|N/A|N/A|N/A|N/A|N/A|N/A|N/A|N/A|N/A|N/A|N/A|N/A|N/A|N/A|
Tinytot Elephant with ball - 1.65 mm|149|25%|199||||200 g|0 - 5 Years|Interactive Soft Toys|N/A|N/A|1.65 mm|N/A|N/A|0.75 inch|0.75 inch|India|N/A|1.65 inch|N/A|N/A|N/A|N/A|N/A|N/A|N/A|N/A|N/A|N/A|N/A|N/A|N/A|N/A|N/A|N/A|N/A|N/A|N/A|N/A|N/A|N/A|N/A|N/A|N/A|N/A|N/A|N/A|N/A|N/A|
NSK SOFT TOYS Teddy bear - 35.4 inch|1189|15%|1400|5|1|1|700 g|3 - 20 Years|Teddy Bears|N/A|N/A|35.4 inch|N/A|N/A|13.77 inch|9.5 inch|India|Polyester|N/A|N/A|N/A|Teddy bear|NSK SOFT TOYS|N/A|N/A|N/A|N/A|N/A|N/A|N/A|N/A|N/A|N/A|N/A|N/A|N/A|N/A|N/A|N/A|N/A|N/A|N/A|N/A|N/A|N/A|N/A|N/A|N/A|N/A|
Tickles Pen & Pencil Holder Teddy - 4 inch|299|2%|307|2||1|100 g|3 - 6 Years|Teddy Bears|N/A|N/A|Small, 4 inch|N/A|N/A|1.5 inch|1.9 inch|India|Fiber|3.9 inch|N/A|N/A|N/A|Animal Shop|N/A|N/A|N/A|N/A|N/A|N/A|N/A|N/A|N/A|N/A|N/A|N/A|N/A|N/A|N/A|N/A|N/A|N/A|N/A|N/A|N/A|N/A|N/A|N/A|N/A|N/A|
Dimpy Stuff Spandex Beads Heart - 11.81 inch|382|4%|399|4.3|2|3|India|Cushions & Pillows|Yes|11.81 inch|N/A|Non Battery|Soft Fabric|1 Stuff Toy|N/A|N/A|2 - 8 Years|N/A|N/A|N/A|N/A|N/A|N/A|Boys, Girls|N/A|N/A|N/A|N/A|N/A|N/A|N/A|N/A|N/A|N/A|N/A|N/A|N/A|N/A|N/A|N/A|N/A|N/A|N/A|N/A|N/A|N/A|N/A|N/A|350 g|
Indian Gift Bazaar Car Hanging Teddy - 4 inch|149|66%|449|2|1|4|500 g|1 - 20 Years|Teddy Bears|N/A|N/A|4 inch|N/A|N/A|2 inch|6 inch|India|N/A|N/A|N/A|N/A|N/A|N/A|N/A|N/A|N/A|N/A|N/A|N/A|N/A|N/A|N/A|N/A|N/A|N/A|N/A|N/A|N/A|N/A|N/A|N/A|N/A|N/A|N/A|N/A|N/A|N/A|N/A|N/A|
Disney Minnie Monochrome - 24 inch|2099|25%|2799||||N/A|2 - 12 Years|Cartoon Characters|Girls|1|24 inch|Non Battery|N/A|5.9 inch|15.74 inch|China|N/A|24.4 inch|N/A|N/A|Minnie Mouse|N/A|Yes|N/A|N/A|N/A|N/A|N/A|N/A|N/A|N/A|N/A|N/A|N/A|N/A|N/A|N/A|N/A|N/A|N/A|N/A|N/A|N/A|N/A|N/A|N/A|N/A|N/A|
Tinytot Doraemon JFY pen stand - 1.55 mm|149|25%|199||||200 g|0 - 5 Years|Interactive Soft Toys|N/A|N/A|1.55 mm|N/A|N/A|0.75 inch|0.75 inch|India|N/A|1.55 inch|N/A|N/A|N/A|N/A|N/A|N/A|N/A|N/A|N/A|N/A|N/A|N/A|N/A|N/A|N/A|N/A|N/A|N/A|N/A|N/A|N/A|N/A|N/A|N/A|N/A|N/A|N/A|N/A|N/A|N/A|
Tickles Caterpillar - 21 inch|295|54%|649||||200 g|3 - 6 Years|Pets & Animals|N/A|N/A|Medium, 21 inch|N/A|N/A|2 inch|2 inch|India|Fiber|N/A|N/A|N/A|N/A|Caterpillar|N/A|N/A|N/A|N/A|N/A|N/A|N/A|N/A|N/A|N/A|N/A|N/A|N/A|N/A|N/A|N/A|N/A|N/A|N/A|N/A|N/A|N/A|N/A|N/A|N/A|N/A|
Tinytot Doraemon SS pen stand - 1.55 mm|149|25%|199||||200 g|0 - 5 Years|Interactive Soft Toys|N/A|N/A|1.55 mm|N/A|N/A|0.75 inch|0.75 inch|India|N/A|1.55 inch|N/A|N/A|N/A|N/A|N/A|N/A|N/A|N/A|N/A|N/A|N/A|N/A|N/A|N/A|N/A|N/A|N/A|N/A|N/A|N/A|N/A|N/A|N/A|N/A|N/A|N/A|N/A|N/A|N/A|N/A|
Tickles Cap Teddy - 27 inch|930|22%|1200||||100 g|3 - 6 Years|Teddy Bears|N/A|N/A|Medium, 27 inch|N/A|N/A|5 inch|9 inch|India|Fiber|N/A|N/A|N/A|N/A|Teddy Bears|N/A|N/A|N/A|N/A|N/A|N/A|N/A|N/A|N/A|N/A|N/A|N/A|N/A|N/A|N/A|N/A|N/A|N/A|N/A|N/A|N/A|N/A|N/A|N/A|N/A|N/A|
E Soft Cream Teddy Bear with Muffler - 14.4 inch|477|47%|900||||400 g|2 - 20 Years|Teddy Bears|N/A|N/A|14.4 inch|N/A|N/A|9.6 inch|5.6 inch|India|N/A|N/A|N/A|N/A|N/A|N/A|N/A|N/A|N/A|N/A|N/A|N/A|N/A|N/A|N/A|N/A|N/A|N/A|N/A|N/A|N/A|N/A|N/A|N/A|N/A|N/A|N/A|N/A|N/A|N/A|N/A|N/A|
Fun&Funky Bunny Hand Puppet - 8 Inch|199|20%|249||||200 g|0 - 8 Years|Puppets|N/A|N/A|8 Inch|N/A|N/A|9 inch|8 inch|India|N/A|N/A|N/A|N/A|N/A|N/A|N/A|N/A|N/A|N/A|N/A|N/A|N/A|N/A|N/A|N/A|N/A|N/A|N/A|N/A|N/A|N/A|N/A|N/A|N/A|N/A|N/A|N/A|N/A|N/A|N/A|N/A|
Fun&Funky Teddy Bear - 8 Inch|229|23%|299||||210 g|1 - 10 Years|Teddy Bears|N/A|N/A|8 Inch|N/A|N/A|8 inch|5 inch|India|N/A|N/A|N/A|N/A|N/A|N/A|N/A|N/A|N/A|N/A|N/A|N/A|N/A|N/A|N/A|N/A|N/A|N/A|N/A|N/A|N/A|N/A|N/A|N/A|N/A|N/A|N/A|N/A|N/A|N/A|N/A|N/A|
Surbhi Digital Printed Cushion Alphabets - 14 inch|275|31%|399||||270 g|0 - 99 Years|Cushions & Pillows|N/A|N/A|14 inch|N/A|N/A|3 inch|14 inch|India|Polyester|N/A|N/A|N/A|N/A|N/A|N/A|N/A|N/A|N/A|N/A|N/A|N/A|N/A|N/A|N/A|N/A|N/A|N/A|N/A|N/A|N/A|N/A|N/A|N/A|N/A|N/A|N/A|N/A|N/A|N/A|N/A|
Tickles My Love Teddy - 10 inch|350|12%|400|2.7||3|200 g|3 - 6 Years|Teddy Bears|N/A|N/A|Medium, 10 inch|N/A|N/A|4.7 inch|5.9 inch|India|Fiber|9.8 inch|N/A|N/A|N/A|Animal Shop|N/A|N/A|N/A|N/A|N/A|N/A|N/A|N/A|N/A|N/A|N/A|N/A|N/A|N/A|N/A|N/A|N/A|N/A|N/A|N/A|N/A|N/A|N/A|N/A|N/A|N/A|
Simba Sitting Talk Back and Poke Me Tom - 10 inch|2749|1%|2799|5||1|580 g|3 - 15 Years|Interactive Soft Toys|Boys, Girls|1|10 inch|Battery|Moveable Mouth, Touch Sensor, Signature Funny Voice|N/A|N/A|China|N/A|N/A|No|3 AA Batteries|N/A|N/A|No|Yes|9.84 inch|6.69 inch|N/A|N/A|5.11 inch|N/A|N/A|N/A|N/A|N/A|N/A|N/A|N/A|N/A|N/A|N/A|N/A|N/A|N/A|N/A|N/A|N/A|N/A|N/A|
KKD (Kids Zone) Teddy With Love (Large) - 26 CM|480|52%|1000||||200 g|0 - 10 Years|Teddy Bears|N/A|N/A|26 CM|N/A|N/A|20 inch|39 inch|India|N/A|N/A|N/A|N/A|N/A|N/A|N/A|N/A|N/A|N/A|N/A|N/A|N/A|N/A|N/A|N/A|N/A|N/A|N/A|N/A|N/A|N/A|N/A|N/A|N/A|N/A|N/A|N/A|N/A|N/A|N/A|N/A|
Tickles Duck with Quack Quack Sound - 10 inch|349|22%|450||||200 g|0 - 6 Years|Pets & Animals|N/A|N/A|Medium, 10 inch|N/A|N/A|5 inch|6 inch|India|Fiber|N/A|N/A|N/A|N/A|Animal Shop|N/A|N/A|N/A|N/A|N/A|N/A|N/A|N/A|N/A|N/A|N/A|N/A|N/A|N/A|N/A|N/A|N/A|N/A|N/A|N/A|N/A|N/A|N/A|N/A|N/A|N/A|
Joey Toys Honey Rabbit - 10 inch|309|48%|599|4.3||3|200 g|1 - 16 Years|Pets & Animals|N/A|N/A|Small, 10 inch|N/A|N/A|8.5 inch|6.5 inch|India|Polyester, Cotton|N/A|N/A|N/A|Stuffed Animals|Stuffed Animals|N/A|N/A|N/A|N/A|N/A|N/A|N/A|N/A|N/A|N/A|N/A|N/A|N/A|N/A|N/A|N/A|N/A|N/A|N/A|N/A|N/A|N/A|N/A|N/A|N/A|N/A|
Funzoo Hanuman Ji - 20 inch|369|||4|1|1|400 g|2 - 8 Years|Cartoon Characters|N/A|N/A|Medium, 20 inch|N/A|N/A|5.11811023622047 inch|3.54330708661417 inch|India|Cotton|N/A|N/A|N/A|Krishna|N/A|N/A|N/A|N/A|N/A|N/A|N/A|N/A|N/A|N/A|N/A|N/A|N/A|N/A|N/A|N/A|N/A|N/A|N/A|N/A|N/A|N/A|N/A|N/A|N/A|N/A|N/A|
Tickles Elephant - 9 inch|399|16%|480||||150 g|2 - 12 Years|Pets & Animals|N/A|N/A|Medium, 9 inch|N/A|N/A|6 inch|8 inch|India|Fiber|N/A|N/A|N/A|N/A|Teddy Bear|N/A|N/A|N/A|N/A|N/A|N/A|N/A|N/A|N/A|N/A|N/A|N/A|N/A|N/A|N/A|N/A|N/A|N/A|N/A|N/A|N/A|N/A|N/A|N/A|N/A|N/A|
Tickles Teddy I Love You Cushion - 14 inch|480|43%|855|5||1|250 g|3 - 6 Years|Cushions & Pillows|N/A|N/A|Medium, 14 inch|N/A|N/A|2 inch|8 inch|India|Fiber|N/A|N/A|N/A|N/A|Teddy Bear|N/A|N/A|N/A|N/A|N/A|N/A|N/A|N/A|N/A|N/A|N/A|N/A|N/A|N/A|N/A|N/A|N/A|N/A|N/A|N/A|N/A|N/A|N/A|N/A|N/A|N/A|
Dimpy Stuff Heart|200||||||N/A|3 - 20 Years|Cushions & Pillows|Girls, Boys|1|N/A|N/A|N/A|N/A|11.02 inch|China|N/A|13.78 inch|N/A|N/A|N/A|N/A|N/A|N/A|N/A|N/A|N/A|N/A|N/A|N/A|N/A|N/A|N/A|N/A|N/A|N/A|N/A|N/A|N/A|N/A|N/A|N/A|N/A|N/A|N/A|N/A|N/A|N/A|
itoys Powerpuff Girls Soft Toy Musical Hammer - 6.1 inch|199|33%|299|5||2|450 g|4 - 15 Years|Cartoon Characters|Girls|1|6.1 inch|N/A|Soft Hammer with Characterised Face, Music on Bangging|2.17 inch|6.1 inch|India|N/A|6.1 inch|N/A|N/A|Powerpuff Girls|N/A|N/A|N/A|N/A|N/A|Plush|N/A|N/A|N/A|N/A|N/A|N/A|N/A|N/A|N/A|N/A|N/A|N/A|N/A|N/A|N/A|N/A|N/A|N/A|N/A|N/A|N/A|
Madagascar Alex - 8 inch|495|||3.8|||N/A|2 - 16 Years|Cartoon Characters|Boys, Girls|N/A|8 inch|N/A|N/A|N/A|N/A|N/A|N/A|N/A|N/A|N/A|N/A|N/A|N/A|N/A|N/A|N/A|N/A|N/A|N/A|N/A|N/A|N/A|N/A|N/A|N/A|N/A|N/A|N/A|N/A|N/A|N/A|N/A|N/A|N/A|N/A|N/A|N/A|N/A|
Surbhi Cat - 7.8 inch|240|31%|350||||105 g|0 - 83 Years|Pets & Animals|N/A|N/A|7.8 inch|N/A|N/A|4 inch|4 inch|India|Polyester|N/A|N/A|N/A|Pets|N/A|N/A|N/A|N/A|N/A|N/A|N/A|N/A|N/A|N/A|N/A|N/A|N/A|N/A|N/A|N/A|N/A|N/A|N/A|N/A|N/A|N/A|N/A|N/A|N/A|N/A|N/A|
Tickles Love Heart with Teddy - 17 inch|499|44%|900|4|1|1|400 g|2 - 16 Years|Teddy Bears|N/A|N/A|Medium, 17 inch|N/A|N/A|4 inch|12 inch|India|Fiber|N/A|N/A|N/A|N/A|Love|N/A|N/A|N/A|N/A|N/A|N/A|N/A|N/A|N/A|N/A|N/A|N/A|N/A|N/A|N/A|N/A|N/A|N/A|N/A|N/A|N/A|N/A|N/A|N/A|N/A|N/A|
Angry Birds Plush|299|14%|349|4.1|6|30|40 g|3 - 12 Years|Cushions & Pillows|Girls, Boys|1|5 Inch|N/A|N/A|N/A|N/A|China|N/A|N/A|N/A|N/A|N/A|N/A|N/A|N/A|N/A|N/A|N/A|N/A|N/A|N/A|N/A|N/A|N/A|N/A|N/A|N/A|N/A|N/A|N/A|N/A|N/A|N/A|N/A|N/A|N/A|N/A|N/A|N/A|
Tickles Panda Teddy - 9 inch|370|12%|421||||200 g|3 - 6 Years|Teddy Bears|N/A|N/A|Medium, 9 inch|N/A|N/A|3.9 inch|5.1 inch|India|Fiber|8.6 inch|N/A|N/A|N/A|Animal Shop|N/A|N/A|N/A|N/A|N/A|N/A|N/A|N/A|N/A|N/A|N/A|N/A|N/A|N/A|N/A|N/A|N/A|N/A|N/A|N/A|N/A|N/A|N/A|N/A|N/A|N/A|
Delhitraderss Dlt Creations Baal Ganesh Soft Toy - 11.5 inch|350|53%|750|3|1|1|200 g|1 - 12 Years|Cartoon Characters|N/A|N/A|11.5 inch|N/A|N/A|5 inch|14.5 inch|India|N/A|N/A|N/A|N/A|N/A|N/A|N/A|N/A|N/A|N/A|N/A|N/A|N/A|N/A|N/A|N/A|N/A|N/A|N/A|N/A|N/A|N/A|N/A|N/A|N/A|N/A|N/A|N/A|N/A|N/A|N/A|N/A|
Perfect Petzzz Beagle|2999|||5|1|2|N/A|3 - 7 Years|Pets & Animals|Girls, Boys|N/A|N/A|Battery|1 Pet, 1 Brush, Battery Included, 1 Cot|0 inch|0 inch|China|N/A|0 inch|No|1 Alkaline Battery|N/A|N/A|N/A|N/A|N/A|N/A|N/A|N/A|N/A|N/A|N/A|N/A|N/A|N/A|N/A|N/A|N/A|N/A|N/A|N/A|N/A|N/A|N/A|N/A|N/A|N/A|N/A|N/A|
Indian Gift Bazaar Big Squirrel - Gilehari - 5 inch|299|40%|499||||500 g|1 - 6 Years|Pets & Animals|N/A|N/A|5 inch|N/A|N/A|3 inch|10 inch|India|N/A|N/A|N/A|N/A|N/A|N/A|N/A|N/A|N/A|N/A|N/A|N/A|N/A|N/A|N/A|N/A|N/A|N/A|N/A|N/A|N/A|N/A|N/A|N/A|N/A|N/A|N/A|N/A|N/A|N/A|N/A|N/A|
Fullmoon Rabbit - 6 inch|349|56%|799|5||2|200 g|5 - 12 Years|Pets & Animals|N/A|N/A|6 inch|N/A|N/A|6 inch|5 inch|China|N/A|N/A|N/A|N/A|N/A|N/A|N/A|N/A|N/A|N/A|N/A|N/A|N/A|N/A|N/A|N/A|N/A|N/A|N/A|N/A|N/A|N/A|N/A|N/A|N/A|N/A|N/A|N/A|N/A|N/A|N/A|N/A|
Tickles Sitting Dog - 15 inch|399|11%|453||||400 g|3 - 6 Years|Pets & Animals|N/A|N/A|Medium, 15 inch|N/A|N/A|4 inch|3 inch|India|Fiber|N/A|N/A|N/A|N/A|Animal Shop|N/A|N/A|N/A|N/A|N/A|N/A|N/A|N/A|N/A|N/A|N/A|N/A|N/A|N/A|N/A|N/A|N/A|N/A|N/A|N/A|N/A|N/A|N/A|N/A|N/A|N/A|
E soft Fancy Purple Pillow with Teddy Bear-40 cm - 12 inch|454|51%|940|2||1|400 g|1 - 5 Years|Cushions & Pillows|Boys, Girls|N/A|12 inch|N/A|N/A|16 inch|2.8 inch|India|N/A|N/A|N/A|N/A|N/A|N/A|N/A|N/A|N/A|N/A|N/A|N/A|N/A|N/A|N/A|N/A|N/A|N/A|N/A|N/A|N/A|N/A|N/A|N/A|N/A|N/A|N/A|N/A|N/A|N/A|N/A|N/A|
Play N Pets Heart Cu - 14.17 inch|399|||4.7||3|250 g|2 - 16 Years|Cushions & Pillows|Boys, Girls|N/A|14.17 inch|Non Battery|1 Stuff Toy|3.93 inch|11.81 inch|India|Polyester|14.17 inch|N/A|N/A|N/A|N/A|Yes|N/A|30.31 inch|22.44 inch|N/A|N/A|22.44 inch|N/A|N/A|N/A|N/A|N/A|N/A|N/A|N/A|N/A|N/A|N/A|N/A|N/A|N/A|N/A|N/A|N/A|N/A|N/A|
Joey Toys Christy Doll - 35.4 inch|644|40%|1089|5||2|750 g|2 - 8 Years|Dolls|N/A|N/A|Large, 35.4 inch|N/A|N/A|9.8 inch|5.5 inch|India|Polyester, Cotton|N/A|N/A|N/A|Dolls|Dolls|N/A|N/A|N/A|N/A|N/A|N/A|N/A|N/A|N/A|N/A|N/A|N/A|N/A|N/A|N/A|N/A|N/A|N/A|N/A|N/A|N/A|N/A|N/A|N/A|N/A|N/A|
Joey Toys C. Teddy - 19.6 inch|687|41%|1169|4.8|2|4|900 g|1 - 12 Years|Teddy Bears|N/A|N/A|Small, 19.6 inch|N/A|N/A|16.5 inch|13.7 inch|India|Polyester, Cotton|N/A|N/A|N/A|Teddy Bear|Teddy Bear|N/A|N/A|N/A|N/A|N/A|N/A|N/A|N/A|N/A|N/A|N/A|N/A|N/A|N/A|N/A|N/A|N/A|N/A|N/A|N/A|N/A|N/A|N/A|N/A|N/A|N/A|
Joey Toys Floral Doll - 29.5 inch|506|41%|859|4.4|2|5|560 g|1 - 16 Years|Dolls|N/A|N/A|Large, 29.5 inch|N/A|N/A|7.8 inch|8.6 inch|India|Polyester, Cotton|N/A|N/A|N/A|Dolls|Dolls|N/A|N/A|N/A|N/A|N/A|N/A|N/A|N/A|N/A|N/A|N/A|N/A|N/A|N/A|N/A|N/A|N/A|N/A|N/A|N/A|N/A|N/A|N/A|N/A|N/A|N/A|
Joey Toys Sweet Teddy - 59 inch|3400|40%|5669||||5000 g|1 - 16 Years|Teddy Bears|N/A|N/A|Large, 59 inch|N/A|N/A|33.4 inch|12.5 inch|India|Polyester, Cotton|N/A|N/A|N/A|Teddy Bear|Teddy Bear|N/A|N/A|N/A|N/A|N/A|N/A|N/A|N/A|N/A|N/A|N/A|N/A|N/A|N/A|N/A|N/A|N/A|N/A|N/A|N/A|N/A|N/A|N/A|N/A|N/A|N/A|
Tickles I Love You Heart - 14 inch|329|41%|563||||200 g|3 - 6 Years|Cushions & Pillows|N/A|N/A|Medium, 14 inch|N/A|N/A|1 inch|8 inch|India|Fiber|N/A|N/A|N/A|N/A|Love|N/A|N/A|N/A|N/A|N/A|N/A|N/A|N/A|N/A|N/A|N/A|N/A|N/A|N/A|N/A|N/A|N/A|N/A|N/A|N/A|N/A|N/A|N/A|N/A|N/A|N/A|
Fun&Funky Teddy Hand Puppet - 10 Inch|199|33%|299||||180 g|1 - 8 Years|Puppets|N/A|N/A|10 Inch|N/A|N/A|10 inch|10 inch|India|N/A|10 inch|N/A|N/A|N/A|N/A|N/A|N/A|N/A|N/A|N/A|N/A|N/A|N/A|N/A|N/A|N/A|N/A|N/A|N/A|N/A|N/A|N/A|N/A|N/A|N/A|N/A|N/A|N/A|N/A|N/A|N/A|
Fullmoon Elephant - 14 inch|649|35%|999|5||4|350 g|5 - 12 Years|Pets & Animals|N/A|N/A|14 inch|N/A|N/A|12 inch|14.5 inch|China|N/A|N/A|N/A|N/A|N/A|N/A|N/A|N/A|N/A|N/A|N/A|N/A|N/A|N/A|N/A|N/A|N/A|N/A|N/A|N/A|N/A|N/A|N/A|N/A|N/A|N/A|N/A|N/A|N/A|N/A|N/A|N/A|
Indian Gift Bazaar For Someone Special Teddy - 13 inch|379|60%|949||||500 g|0 - 20 Years|Teddy Bears|N/A|N/A|13 inch|N/A|N/A|6 inch|11 inch|India|N/A|N/A|N/A|N/A|N/A|N/A|N/A|N/A|N/A|N/A|N/A|N/A|N/A|N/A|N/A|N/A|N/A|N/A|N/A|N/A|N/A|N/A|N/A|N/A|N/A|N/A|N/A|N/A|N/A|N/A|N/A|N/A|
Dimpy Stuff Mango Fruit Toy Cushion - 12.99 inch|179|||4.8||4|100 g|3 - 12 Years|Cushions & Pillows|Boys, Girls|1|12.99 inch|Non Battery|Mango Fruit Cushion|N/A|N/A|India|N/A|N/A|N/A|N/A|N/A|N/A|Yes|N/A|N/A|N/A|N/A|N/A|N/A|N/A|N/A|N/A|N/A|N/A|N/A|N/A|N/A|N/A|N/A|N/A|N/A|N/A|N/A|N/A|N/A|N/A|N/A|N/A|
Play N Pets Sitting Hippo - 13.78 inch|486|25%|649|4||1|400 g|0 - 15 Years|Pets & Animals|Boys, Girls|1|13.78 inch|Non Battery|Machine Washable|8.66 inch|9.84 inch|India|Polyester|13.78 inch|N/A|N/A|N/A|N/A|N/A|N/A|30.31 inch|22.44 inch|N/A|N/A|22.44 inch|N/A|N/A|N/A|N/A|N/A|N/A|N/A|N/A|N/A|N/A|N/A|N/A|N/A|N/A|N/A|N/A|N/A|N/A|N/A|
Soft Buddies Rabbit - 10 inch|449|10%|499|5||1|140 g|2 - 10 Years|Pets & Animals|N/A|N/A|10 inch|N/A|N/A|13 inch|8 inch|India|100% Polyester Staple Fibre|N/A|N/A|N/A|N/A|N/A|N/A|N/A|N/A|N/A|N/A|N/A|N/A|N/A|N/A|N/A|N/A|N/A|N/A|N/A|N/A|N/A|N/A|N/A|N/A|N/A|N/A|N/A|N/A|N/A|N/A|N/A|
Fullmoon Panda - 3 inch|249|44%|449|5||1|50 g|2 - 12 Years|Pets & Animals|N/A|N/A|3 inch|N/A|N/A|3 inch|7 inch|China|N/A|N/A|N/A|N/A|N/A|N/A|N/A|N/A|N/A|N/A|N/A|N/A|N/A|N/A|N/A|N/A|N/A|N/A|N/A|N/A|N/A|N/A|N/A|N/A|N/A|N/A|N/A|N/A|N/A|N/A|N/A|N/A|
itoys Powerpuff Girls Soft Toy Musical Hammer - 6.1 inch|199|33%|299||||450 g|2 - 10 Years|Cartoon Characters|Girls|1|6.1 inch|N/A|Soft Hammer with Characterised Face, Music on Bangging|2.17 inch|6.1 inch|India|N/A|6.1 inch|N/A|N/A|Powerpuff Girls|N/A|N/A|N/A|N/A|N/A|Plush|N/A|N/A|N/A|N/A|N/A|N/A|N/A|N/A|N/A|N/A|N/A|N/A|N/A|N/A|N/A|N/A|N/A|N/A|N/A|N/A|N/A|
Fun&Funky Duck Hand Puppet - 12 Inch|199||||||140 g|1 - 9 Years|Puppets|N/A|N/A|12 Inch|N/A|N/A|12 inch|12 inch|India|N/A|N/A|N/A|N/A|N/A|N/A|N/A|N/A|N/A|N/A|N/A|N/A|N/A|N/A|N/A|N/A|N/A|N/A|N/A|N/A|N/A|N/A|N/A|N/A|N/A|N/A|N/A|N/A|N/A|N/A|N/A|N/A|
Joey Toys Mother Child Teddy - 16.5 inch|707|41%|1199|4.5||2|1100 g|1 - 16 Years|Teddy Bears|N/A|N/A|Medium, 16.5 inch|N/A|N/A|15.7 inch|15.7 inch|India|Polyester, Cotton|N/A|N/A|N/A|Teddy Bear|Teddy Bear|N/A|N/A|N/A|N/A|N/A|N/A|N/A|N/A|N/A|N/A|N/A|N/A|N/A|N/A|N/A|N/A|N/A|N/A|N/A|N/A|N/A|N/A|N/A|N/A|N/A|N/A|
Tickles Beautiful Dog - 9 inch|333|33%|499|3||1|450 g|3 - 10 Years|Pets & Animals|N/A|N/A|Medium, 9 inch|N/A|N/A|8 inch|8.5 inch|India|Fiber|14.5 inch|N/A|N/A|N/A|Animal Shop|N/A|N/A|N/A|N/A|N/A|N/A|N/A|N/A|N/A|N/A|N/A|N/A|N/A|N/A|N/A|N/A|N/A|N/A|N/A|N/A|N/A|N/A|N/A|N/A|N/A|N/A|
Joey Toys Christy Doll - 27.5 inch|449|41%|769|3.7|1|3|440 g|2 - 8 Years|Dolls|N/A|N/A|Medium, 27.5 inch|N/A|N/A|7.8 inch|4.7 inch|India|Polyester, Cotton|N/A|N/A|N/A|Dolls|Dolls|N/A|N/A|N/A|N/A|N/A|N/A|N/A|N/A|N/A|N/A|N/A|N/A|N/A|N/A|N/A|N/A|N/A|N/A|N/A|N/A|N/A|N/A|N/A|N/A|N/A|N/A|
Porcupine 48 Inches Teddy Bear - 48 inch|2499|10%|2799||||3000 g|2 - 70 Years|Teddy Bears|N/A|N/A|48 inch|N/A|7 days warranty for any manufacturing defect|15 inch|15 inch|India|Inner Filling:- Fiber/Outer:- Fur|N/A|N/A|N/A|teddy bear|N/A|N/A|N/A|N/A|N/A|N/A|N/A|N/A|N/A|N/A|N/A|N/A|N/A|N/A|N/A|N/A|N/A|N/A|N/A|N/A|N/A|N/A|N/A|N/A|N/A|N/A|N/A|
Fun&Funky Chubby Bear - 6 Inch|139|53%|299||||200 g|12 - 22 Months|Teddy Bears|N/A|N/A|6 Inch|N/A|N/A|6 inch|6 inch|India|N/A|N/A|N/A|N/A|N/A|N/A|N/A|N/A|N/A|N/A|N/A|N/A|N/A|N/A|N/A|N/A|N/A|N/A|N/A|N/A|N/A|N/A|N/A|N/A|N/A|N/A|N/A|N/A|N/A|N/A|N/A|N/A|
Disney Puppet - Pluto - 10 inch|374|25%|499||||N/A|0 - 12 Years|Puppets|Girls, Boys|N/A|10 inch|N/A|N/A|N/A|N/A|China|N/A|N/A|N/A|N/A|Pluto|N/A|N/A|N/A|N/A|N/A|N/A|N/A|N/A|N/A|N/A|N/A|N/A|N/A|N/A|N/A|N/A|N/A|N/A|N/A|N/A|N/A|N/A|N/A|N/A|N/A|N/A|N/A|
Play N Pets Tiger White Soft Toy - 17.7 inch|499||||||0.5 g|3 - 30 Years|Pets & Animals|N/A|N/A|Medium, 17.7 inch|N/A|N/A|17.7 inch|32 inch|India|N/A|N/A|N/A|N/A|N/A|N/A|N/A|N/A|N/A|N/A|N/A|N/A|N/A|N/A|N/A|N/A|N/A|N/A|N/A|N/A|N/A|N/A|N/A|N/A|N/A|N/A|N/A|N/A|N/A|N/A|N/A|N/A|
Play N Pets Octopus - 17.72 inch|599|||4.5|4|10|215 g|2 - 12 Years|Pets & Animals|Boys, Girls|1|17.72 inch|Non Battery|Machine Washable|5.51 inch|17.72 inch|India|Polyester|5.51 inch|N/A|N/A|N/A|N/A|N/A|N/A|22.44 inch|30.31 inch|N/A|N/A|22.44 inch|N/A|N/A|N/A|N/A|N/A|N/A|N/A|N/A|N/A|N/A|N/A|N/A|N/A|N/A|N/A|N/A|N/A|N/A|N/A|
Disney Pooh with Valentine Heart - 10 inch|720|9%|799|4.8||4|52 g|0 - 15 Years|Teddy Bears|Boys, Girls|N/A|10 inch|Non Battery|Disney Characters in the Soft and Cuddly Forms, Durable|N/A|N/A|N/A|N/A|N/A|N/A|N/A|Winnie the Pooh|N/A|N/A|N/A|N/A|N/A|N/A|N/A|N/A|N/A|N/A|N/A|N/A|N/A|N/A|N/A|N/A|N/A|N/A|N/A|N/A|N/A|N/A|N/A|N/A|N/A|N/A|N/A|
Tickles Cool Dude Smiley Cushion Smiley Emoticons Pillow|499|44%|900|4|1|3|N/A|N/A|Decorative Cushion|N/A|N/A|N/A|N/A|N/A|N/A|N/A|N/A|Polyfill|N/A|N/A|N/A|N/A|N/A|N/A|N/A|N/A|33 cm|Pile Cloth|N/A|N/A|N/A|N/A|N/A|N/A|N/A|N/A|N/A|Tickles|Yes|No|Back, Head, neck|Cool Dude Smiley Cushion|AT-C014|Yellow|Pillow|N/A|N/A|N/A|N/A|
Funskool Disney Winnie The Pooh Soft Toy With Sound - 11.7 inch|899|10%|999||||0.338 g|0 - 8 Years|Cartoon Characters|N/A|N/A|Small, 11.7 inch|N/A|N/A|7.7 inch|5.7 inch|China|Polyester, Cotton|N/A|N/A|N/A|Bear|Disney Winnie The Pooh|N/A|N/A|N/A|N/A|N/A|N/A|N/A|N/A|N/A|N/A|N/A|N/A|N/A|N/A|N/A|N/A|N/A|N/A|N/A|N/A|N/A|N/A|N/A|N/A|N/A|N/A|
Tinytot Elephant HB Pen stand - 1.55 mm|149|25%|199||||200 g|0 - 5 Years|Interactive Soft Toys|N/A|N/A|1.55 mm|N/A|N/A|0.75 inch|0.75 inch|India|N/A|1.55 inch|N/A|N/A|N/A|N/A|N/A|N/A|N/A|N/A|N/A|N/A|N/A|N/A|N/A|N/A|N/A|N/A|N/A|N/A|N/A|N/A|N/A|N/A|N/A|N/A|N/A|N/A|N/A|N/A|N/A|N/A|
Disney Mickey Flopsie - 10 inch|599|25%|799||||150 g|3 - 16 Years|Cartoon Characters|Boys, Girls|N/A|10 inch|Non Battery|Soft and Cuddly Form, Made of High Quality Material|N/A|N/A|China|N/A|N/A|N/A|N/A|Mickey Mouse|N/A|Yes|N/A|N/A|N/A|N/A|N/A|N/A|N/A|N/A|N/A|N/A|N/A|N/A|N/A|N/A|N/A|N/A|N/A|N/A|N/A|N/A|N/A|N/A|N/A|N/A|N/A|
Disney Dory - 6.8 inch|449|25%|599|4.8|1|10|82 g|0 - 12 Years|Cartoon Characters|Boys, Girls|N/A|6.8 inch|N/A|N/A|3.6 inch|10 inch|China|N/A|6.8 inch|N/A|N/A|N/A|Finding Nemo|N/A|N/A|N/A|N/A|N/A|N/A|N/A|N/A|N/A|N/A|N/A|N/A|N/A|N/A|N/A|N/A|N/A|N/A|N/A|N/A|N/A|N/A|N/A|N/A|N/A|N/A|
Tickles I Love You Heart - 17 inch|399|46%|743||||250 g|3 - 6 Years|Cushions & Pillows|N/A|N/A|Medium, 17 inch|N/A|N/A|3 inch|13 inch|India|Fiber|N/A|N/A|N/A|N/A|Heart|N/A|N/A|N/A|N/A|N/A|N/A|N/A|N/A|N/A|N/A|N/A|N/A|N/A|N/A|N/A|N/A|N/A|N/A|N/A|N/A|N/A|N/A|N/A|N/A|N/A|N/A|
Dimpy Stuff Lion - 10 inch|625|3%|649|4||7|312 g|2 - 10 Years|Pets & Animals|Girls, Boys|1|10 inch|N/A|N/A|6.5 inch|22.5 inch|India|N/A|10 inch|N/A|N/A|N/A|N/A|N/A|N/A|N/A|N/A|N/A|N/A|N/A|N/A|N/A|N/A|N/A|N/A|N/A|N/A|N/A|N/A|N/A|N/A|N/A|N/A|N/A|N/A|N/A|N/A|N/A|N/A|
Tickles Heart - 14 inch|199|72%|720|4|1|1|250 g|3 - 6 Years|Cushions & Pillows|N/A|N/A|Medium, 14 inch|N/A|N/A|2 inch|8 inch|India|Fiber|N/A|N/A|N/A|N/A|Heart|N/A|N/A|N/A|N/A|N/A|N/A|N/A|N/A|N/A|N/A|N/A|N/A|N/A|N/A|N/A|N/A|N/A|N/A|N/A|N/A|N/A|N/A|N/A|N/A|N/A|N/A|
Play N Pets Dolphin - 15.75 inch|499|||4||3|216 g|3 - 16 Years|Pets & Animals|Girls, Boys|1|15.75 inch|Non Battery|Machine Washable|7.09 inch|15.75 inch|India|Polyester|7.09 inch|N/A|N/A|N/A|N/A|N/A|N/A|22.44 inch|30.31 inch|N/A|N/A|22.44 inch|N/A|N/A|N/A|N/A|N/A|N/A|N/A|N/A|N/A|N/A|N/A|N/A|N/A|N/A|N/A|N/A|N/A|N/A|N/A|
Tickles Mother Teddy with Baby - 8 inch|399|31%|581||||200 g|2 - 12 Years|Teddy Bears|N/A|N/A|Medium, 8 inch|N/A|N/A|2 inch|4 inch|India|Fiber|N/A|N/A|N/A|N/A|Teddy Bear|N/A|N/A|N/A|N/A|N/A|N/A|N/A|N/A|N/A|N/A|N/A|N/A|N/A|N/A|N/A|N/A|N/A|N/A|N/A|N/A|N/A|N/A|N/A|N/A|N/A|N/A|
Tickles Duck Pillow - 14 inch|389|44%|699||||250 g|3 - 12 Years|Cushions & Pillows|N/A|N/A|Medium, 14 inch|N/A|N/A|4 inch|9 inch|India|Fiber|N/A|N/A|N/A|N/A|Duck|N/A|N/A|N/A|N/A|N/A|N/A|N/A|N/A|N/A|N/A|N/A|N/A|N/A|N/A|N/A|N/A|N/A|N/A|N/A|N/A|N/A|N/A|N/A|N/A|N/A|N/A|
Fun&Funky Duck - 6 Inch|149|25%|199||||200 g|0 - 9 Years|Pets & Animals|N/A|N/A|6 Inch|N/A|N/A|6 inch|6 inch|India|N/A|14 inch|N/A|N/A|N/A|N/A|N/A|N/A|N/A|N/A|N/A|N/A|N/A|N/A|N/A|N/A|N/A|N/A|N/A|N/A|N/A|N/A|N/A|N/A|N/A|N/A|N/A|N/A|N/A|N/A|N/A|N/A|
Porcupine 36 Inches Teddy Bear - 36 inch|1499|16%|1799||||1600 g|2 - 70 Years|Teddy Bears|N/A|N/A|36 inch|N/A|7 Days warranty for any manufacturing defect.|13 inch|13 inch|India|Inner Filling, Fiber/Outer, Fur|N/A|N/A|N/A|Teddy Bear|N/A|N/A|N/A|N/A|N/A|N/A|N/A|N/A|N/A|N/A|N/A|N/A|N/A|N/A|N/A|N/A|N/A|N/A|N/A|N/A|N/A|N/A|N/A|N/A|N/A|N/A|N/A|
Wild Republic Camel 12 inch - 8 inch|249|50%|499|5||2|750 g|2 - 8 Years|Pets & Animals|N/A|N/A|8 inch|N/A|N/A|12 inch|5.3 inch|China|N/A|N/A|N/A|N/A|N/A|N/A|N/A|N/A|N/A|N/A|N/A|N/A|N/A|N/A|N/A|N/A|N/A|N/A|N/A|N/A|N/A|N/A|N/A|N/A|N/A|N/A|N/A|N/A|N/A|N/A|N/A|N/A|
Tickles Pug Dog - 10 inch|350|49%|699||||200 g|3 - 6 Years|Pets & Animals|N/A|N/A|Medium, 10 inch|N/A|N/A|5 inch|6 inch|India|Fiber|N/A|N/A|N/A|N/A|Animal Shop|N/A|N/A|N/A|N/A|N/A|N/A|N/A|N/A|N/A|N/A|N/A|N/A|N/A|N/A|N/A|N/A|N/A|N/A|N/A|N/A|N/A|N/A|N/A|N/A|N/A|N/A|
Prince Yellow Tweety - 17 Inch|249|58%|599||||500 g|3 - 5 Years|Cartoon Characters|N/A|N/A|17 Inch|N/A|N/A|9 inch|9 inch|China|N/A|N/A|N/A|N/A|N/A|N/A|N/A|N/A|N/A|N/A|N/A|N/A|N/A|N/A|N/A|N/A|N/A|N/A|N/A|N/A|N/A|N/A|N/A|N/A|N/A|N/A|N/A|N/A|N/A|N/A|N/A|N/A|
Tinytot Doraemon HB pen stand - 1.55 mm|149|25%|199||||200 g|0 - 5 Years|Interactive Soft Toys|N/A|N/A|1.55 mm|N/A|N/A|0.75 inch|0.75 inch|India|N/A|1.55 inch|N/A|N/A|N/A|N/A|N/A|N/A|N/A|N/A|N/A|N/A|N/A|N/A|N/A|N/A|N/A|N/A|N/A|N/A|N/A|N/A|N/A|N/A|N/A|N/A|N/A|N/A|N/A|N/A|N/A|N/A|
Tickles Kangaroo Mother and Baby - 8 inch|349|22%|453|1||1|200 g|3 - 6 Years|Pets & Animals|N/A|N/A|Medium, 8 inch|N/A|N/A|3.9 inch|4.7 inch|India|Fiber|7.8 inch|N/A|N/A|N/A|Animal Shop|N/A|N/A|N/A|N/A|N/A|N/A|N/A|N/A|N/A|N/A|N/A|N/A|N/A|N/A|N/A|N/A|N/A|N/A|N/A|N/A|N/A|N/A|N/A|N/A|N/A|N/A|
Disney Mickey Flopsie - 24 inch|2099|25%|2799||||820 g|2 - 15 Years|Cartoon Characters|Girls, Boys|N/A|24 inch|Non Battery|1 Mickey Flopsie|N/A|N/A|China|N/A|N/A|N/A|N/A|Mickey Mouse|N/A|Yes|N/A|N/A|N/A|N/A|N/A|N/A|N/A|N/A|N/A|N/A|N/A|N/A|N/A|N/A|N/A|N/A|N/A|N/A|N/A|N/A|N/A|N/A|N/A|N/A|N/A|
Disney Puppet - Donald - 10 inch|374|25%|499||||N/A|2 - 14 Years|N/A|Boys, Girls|N/A|10 inch|N/A|N/A|N/A|N/A|China|N/A|N/A|N/A|N/A|Donald Duck|N/A|N/A|N/A|N/A|N/A|N/A|N/A|N/A|N/A|N/A|N/A|N/A|N/A|N/A|N/A|N/A|N/A|N/A|N/A|N/A|N/A|N/A|N/A|N/A|N/A|N/A|N/A|
E soft Fancy Pink Pillow with Teddy Bear - 12 Inch|454|51%|938||||400 g|1 - 5 Years|Cushions & Pillows|N/A|N/A|12 Inch|N/A|N/A|16 inch|2.8 inch|India|N/A|N/A|N/A|N/A|N/A|N/A|N/A|N/A|N/A|N/A|N/A|N/A|N/A|N/A|N/A|N/A|N/A|N/A|N/A|N/A|N/A|N/A|N/A|N/A|N/A|N/A|N/A|N/A|N/A|N/A|N/A|N/A|
Porcupine 36 Inches Teddy Bear - 36 inch|1499|16%|1799||||1600 g|2 - 70 Years|Teddy Bears|N/A|N/A|36 inch|N/A|7 Days warranty for any manufacturing defect.|13 inch|13 inch|India|Inner Filling, Fiber/Outer, Fur|N/A|N/A|N/A|Teddy Bear|N/A|N/A|N/A|N/A|N/A|N/A|N/A|N/A|N/A|N/A|N/A|N/A|N/A|N/A|N/A|N/A|N/A|N/A|N/A|N/A|N/A|N/A|N/A|N/A|N/A|N/A|N/A|
Fullmoon Pen Stand - 6.5 Inch|249|54%|549|4.6||5|200 g|5 - 12 Years|Pets & Animals|N/A|N/A|6.5 Inch|N/A|N/A|3 Inch|5.5 Inch|China|N/A|N/A|N/A|N/A|N/A|N/A|N/A|N/A|N/A|N/A|N/A|N/A|N/A|N/A|N/A|N/A|N/A|N/A|N/A|N/A|N/A|N/A|N/A|N/A|N/A|N/A|N/A|N/A|N/A|N/A|N/A|N/A|
Tickles Raja Teddy - 12 inch|350|10%|390|3.5|2|8|200 g|3 - 6 Years|Teddy Bears|N/A|N/A|Medium, 12 inch|N/A|N/A|5.5 inch|6.6 inch|India|Fiber|11.8 inch|N/A|N/A|N/A|Animal Shop|N/A|N/A|N/A|N/A|N/A|N/A|N/A|N/A|N/A|N/A|N/A|N/A|N/A|N/A|N/A|N/A|N/A|N/A|N/A|N/A|N/A|N/A|N/A|N/A|N/A|N/A|
Tinytot Bear With Ball - 1.65 mm|149|25%|199||||200 g|0 - 5 Years|Interactive Soft Toys|N/A|N/A|Small, 1.65 mm|N/A|N/A|0.85 mm|0.85 mm|India|N/A|N/A|N/A|N/A|N/A|N/A|N/A|N/A|N/A|N/A|N/A|N/A|N/A|N/A|N/A|N/A|N/A|N/A|N/A|N/A|N/A|N/A|N/A|N/A|N/A|N/A|N/A|N/A|N/A|N/A|N/A|N/A|
Dimpy Stuff Bear with 2 Colors T-shirt - 18.89 inch|959|20%|1199||||700 g|3 - 15 Years|Teddy Bears|Girls, Boys|N/A|18.89 inch|Non Battery|Soft Fabric|N/A|N/A|N/A|N/A|N/A|N/A|N/A|N/A|N/A|N/A|N/A|N/A|N/A|N/A|N/A|N/A|N/A|N/A|N/A|N/A|N/A|N/A|N/A|N/A|N/A|N/A|N/A|N/A|N/A|N/A|N/A|N/A|N/A|N/A|N/A|
Porcupine 24 Inches Teddy Bear - 24 inch|999|16%|1199|1|1|1|900 g|2 - 70 Years|Teddy Bears|N/A|N/A|24 inch|N/A|7 Days warranty for any manufacturing defect.|12 inch|12 inch|India|Inner Filling, Fiber/Outer, Fur|N/A|N/A|N/A|Teddy Bear|N/A|N/A|N/A|N/A|N/A|N/A|N/A|N/A|N/A|N/A|N/A|N/A|N/A|N/A|N/A|N/A|N/A|N/A|N/A|N/A|N/A|N/A|N/A|N/A|N/A|N/A|N/A|
Disney Donald Flopsies - 14 inch|674|25%|899|4.5||2|N/A|1 - 12 Years|N/A|Boys, Girls|N/A|14 inch|N/A|N/A|N/A|N/A|China|N/A|14.02 inch|N/A|N/A|Donald Duck|N/A|N/A|N/A|N/A|N/A|N/A|N/A|N/A|N/A|N/A|N/A|N/A|N/A|N/A|N/A|N/A|N/A|N/A|N/A|N/A|N/A|N/A|N/A|N/A|N/A|N/A|N/A|
Tickles Sitting Dog - 11 inch|314|25%|421||||250 g|3 - 10 Years|Pets & Animals|N/A|N/A|Medium, 11 inch|N/A|N/A|11 inch|4 inch|India|Fiber|N/A|N/A|N/A|N/A|Animal Shop|N/A|N/A|N/A|N/A|N/A|N/A|N/A|N/A|N/A|N/A|N/A|N/A|N/A|N/A|N/A|N/A|N/A|N/A|N/A|N/A|N/A|N/A|N/A|N/A|N/A|N/A|
E soft Folding Cushion with Cute Rabbit - 12 Inch|454|53%|968||||450 g|1 - 12 Years|Cushions & Pillows|N/A|N/A|12 Inch|N/A|N/A|16 inch|4 inch|India|N/A|N/A|N/A|N/A|N/A|N/A|N/A|N/A|N/A|N/A|N/A|N/A|N/A|N/A|N/A|N/A|N/A|N/A|N/A|N/A|N/A|N/A|N/A|N/A|N/A|N/A|N/A|N/A|N/A|N/A|N/A|N/A|
Disney Minnie Navy Tea Dress - 24 inch|2099|25%|2799||||N/A|0 - 12 Years|Cartoon Characters|Girls|1|24 inch|Non Battery|N/A|5.9 inch|15.74 inch|China|N/A|24.4 inch|N/A|N/A|Minnie Mouse|N/A|Yes|N/A|N/A|N/A|N/A|N/A|N/A|N/A|N/A|N/A|N/A|N/A|N/A|N/A|N/A|N/A|N/A|N/A|N/A|N/A|N/A|N/A|N/A|N/A|N/A|N/A|
Tickles Tounge Out Smiley Cushion Smiley Emoticons Pillow|499|44%|900|4||1|N/A|N/A|Decorative Cushion|N/A|N/A|N/A|N/A|N/A|N/A|N/A|N/A|Polyfill|N/A|N/A|N/A|N/A|N/A|N/A|N/A|N/A|33 cm|Pile Cloth|N/A|N/A|N/A|N/A|N/A|N/A|N/A|N/A|N/A|Tickles|Yes|No|Back, neck, Head|Tounge Out Smiley Cushion|AT-C008|Yellow|Pillow|N/A|N/A|N/A|N/A|
MFT Musical Duck S - 7 Inch|120|39%|199||||110 g|3 - 10 Years|Pets & Animals|N/A|N/A|7 Inch|N/A|N/A|6 inch|9 inch|India|N/A|N/A|N/A|N/A|N/A|N/A|N/A|N/A|N/A|N/A|N/A|N/A|N/A|N/A|N/A|N/A|N/A|N/A|N/A|N/A|N/A|N/A|N/A|N/A|N/A|N/A|N/A|N/A|N/A|N/A|N/A|N/A|
Warner Bros Tom - 14 inch|995|||4.6|3|50|N/A|0 - 12 Years|Cartoon Characters|Boys, Girls|N/A|14 inch|N/A|N/A|N/A|N/A|China|N/A|N/A|N/A|N/A|N/A|Tom & Jerry|N/A|N/A|N/A|N/A|N/A|N/A|N/A|N/A|N/A|N/A|N/A|N/A|N/A|N/A|N/A|N/A|N/A|N/A|N/A|N/A|N/A|N/A|N/A|N/A|N/A|N/A|
Delhitraderss Soft Toy Krishna - 11.5 inch|350|53%|750||||100 g|1 - 12 Years|Cartoon Characters|N/A|N/A|11.5 inch|N/A|N/A|11.2 inch|9.3 inch|India|N/A|N/A|N/A|N/A|N/A|N/A|N/A|N/A|N/A|N/A|N/A|N/A|N/A|N/A|N/A|N/A|N/A|N/A|N/A|N/A|N/A|N/A|N/A|N/A|N/A|N/A|N/A|N/A|N/A|N/A|N/A|N/A|
Soft Buddies Dog Series - 8 inch|179|10%|199||||60 g|3 - 14 Years|Pets & Animals|N/A|N/A|8 inch|N/A|N/A|4 inch|5 inch|India|100% Polyester Staple Fibre|N/A|N/A|N/A|N/A|N/A|N/A|N/A|N/A|N/A|N/A|N/A|N/A|N/A|N/A|N/A|N/A|N/A|N/A|N/A|N/A|N/A|N/A|N/A|N/A|N/A|N/A|N/A|N/A|N/A|N/A|N/A|
Tickles Pingu - 12 inch|599|14%|699|5||1|200 g|3 - 6 Years|Pets & Animals|N/A|N/A|Medium, 12 inch|N/A|N/A|5.5 inch|6.6 inch|India|Fiber|11.8 inch|N/A|N/A|N/A|Animal Shop|N/A|N/A|N/A|N/A|N/A|N/A|N/A|N/A|N/A|N/A|N/A|N/A|N/A|N/A|N/A|N/A|N/A|N/A|N/A|N/A|N/A|N/A|N/A|N/A|N/A|N/A|
E soft Fancy Designed Pink Pillow with Teddy Bear-40 cm - 12 inch|454|51%|940|5||1|400 g|2 - 12 Years|Cushions & Pillows|Boys, Girls|N/A|12 inch|N/A|N/A|16 inch|2.8 inch|India|N/A|N/A|N/A|N/A|N/A|N/A|N/A|N/A|N/A|N/A|N/A|N/A|N/A|N/A|N/A|N/A|N/A|N/A|N/A|N/A|N/A|N/A|N/A|N/A|N/A|N/A|N/A|N/A|N/A|N/A|N/A|N/A|
Happy Baby Small Ball - 4 Inch|99|66%|299|5|1|1|70 g|1 - 5 Months|Soft Balls|N/A|N/A|Small, 4 Inch|N/A|N/A|3 inch|3 inch|India|Polyster Fibre|N/A|N/A|N/A|N/A|N/A|N/A|N/A|N/A|N/A|N/A|N/A|N/A|N/A|N/A|N/A|N/A|N/A|N/A|N/A|N/A|N/A|N/A|N/A|N/A|N/A|N/A|N/A|N/A|N/A|N/A|N/A|
MFT Doremon M - 12 Inch|185|38%|299||||200 g|3 - 10 Years|Cartoon Characters|N/A|N/A|12 Inch|N/A|N/A|6 inch|10 inch|India|N/A|N/A|N/A|N/A|N/A|N/A|N/A|N/A|N/A|N/A|N/A|N/A|N/A|N/A|N/A|N/A|N/A|N/A|N/A|N/A|N/A|N/A|N/A|N/A|N/A|N/A|N/A|N/A|N/A|N/A|N/A|N/A|
MFT Soft Deer S - 7 Inch|185|38%|299||||300 g|3 - 10 Years|Pets & Animals|N/A|N/A|7 Inch|N/A|N/A|12 inch|4 inch|India|N/A|N/A|N/A|N/A|N/A|N/A|N/A|N/A|N/A|N/A|N/A|N/A|N/A|N/A|N/A|N/A|N/A|N/A|N/A|N/A|N/A|N/A|N/A|N/A|N/A|N/A|N/A|N/A|N/A|N/A|N/A|N/A|
itoys Powerpuff Girls Soft Toy Musical Hammer - 6.1 inch|199|33%|299|5||1|450 g|1 - 10 Years|Cartoon Characters|Girls|1|6.1 inch|N/A|Soft Hammer with Characterised Face, Music on Bangging|2.17 inch|6.1 inch|India|N/A|6.1 inch|N/A|N/A|Powerpuff Girls|N/A|N/A|N/A|N/A|N/A|Plush|N/A|N/A|N/A|N/A|N/A|N/A|N/A|N/A|N/A|N/A|N/A|N/A|N/A|N/A|N/A|N/A|N/A|N/A|N/A|N/A|N/A|
Disney Nemo - 18 inch|749|25%|999||||210 g|3 - 12 Years|Cartoon Characters|Girls, Boys|N/A|18 inch|Non Battery|Soft, Cuddly and Huggable|N/A|N/A|China|N/A|N/A|N/A|N/A|Nemo|N/A|Yes|N/A|N/A|N/A|N/A|N/A|N/A|N/A|N/A|N/A|N/A|N/A|N/A|N/A|N/A|N/A|N/A|N/A|N/A|N/A|N/A|N/A|N/A|N/A|N/A|N/A|
Fullmoon Pen Stand - 6.5 inch|249|58%|599|4.6||5|200 g|3 - 20 Years|Pets & Animals|N/A|N/A|6.5 inch|N/A|N/A|3 inch|5.5 inch|China|N/A|N/A|N/A|N/A|N/A|N/A|N/A|N/A|N/A|N/A|N/A|N/A|N/A|N/A|N/A|N/A|N/A|N/A|N/A|N/A|N/A|N/A|N/A|N/A|N/A|N/A|N/A|N/A|N/A|N/A|N/A|N/A|
MFT Parrot with Music - 12 Inch|165|35%|255||||75 g|0 - 10 Years|Pets & Animals|N/A|N/A|12 Inch|N/A|N/A|4.5 inch|6 inch|India|N/A|N/A|N/A|N/A|N/A|N/A|N/A|N/A|N/A|N/A|N/A|N/A|N/A|N/A|N/A|N/A|N/A|N/A|N/A|N/A|N/A|N/A|N/A|N/A|N/A|N/A|N/A|N/A|N/A|N/A|N/A|N/A|
Animal Planet Little Kingdom-Lion - 10 inch|499|||3.7|1|7|N/A|Cartoon Characters|Girls, Boys|10 inch|N/A|Washable|N/A|N/A|N/A|N/A|0 - 12 Years|N/A|N/A|N/A|N/A|N/A|N/A|N/A|N/A|N/A|N/A|N/A|N/A|N/A|N/A|China|N/A|N/A|N/A|N/A|N/A|N/A|N/A|N/A|N/A|N/A|N/A|N/A|N/A|N/A|N/A|N/A|N/A|
Tinytot Dog HB Pen Stand - 1.65 mm|149|25%|199||||200 g|0 - 5 Years|Interactive Soft Toys|N/A|N/A|1.65 mm|N/A|N/A|0.75 inch|0.75 inch|India|N/A|N/A|N/A|N/A|N/A|N/A|N/A|N/A|N/A|N/A|N/A|N/A|N/A|N/A|N/A|N/A|N/A|N/A|N/A|N/A|N/A|N/A|N/A|N/A|N/A|N/A|N/A|N/A|N/A|N/A|N/A|N/A|
Perfect Petzzz Calico - 5 inch|2699|10%|2999||||560 g|3 - 15 Years|Pets & Animals|Boys, Girls|N/A|5 inch|Battery|N/A|7.5 inch|11.6 inch|China|N/A|5 inch|No|1 Alkaline Battery|N/A|N/A|N/A|N/A|N/A|N/A|N/A|N/A|N/A|N/A|N/A|N/A|N/A|N/A|N/A|N/A|N/A|N/A|N/A|N/A|N/A|N/A|N/A|N/A|N/A|N/A|N/A|N/A|
E Soft Funny Chimpanzee Soft Toy with Banana - 12 inch|569|48%|1108||||320 g|1 - 20 Years|Pets & Animals|N/A|N/A|12 inch|N/A|N/A|7.2 inch|7.2 inch|India|N/A|N/A|N/A|N/A|N/A|N/A|N/A|N/A|N/A|N/A|N/A|N/A|N/A|N/A|N/A|N/A|N/A|N/A|N/A|N/A|N/A|N/A|N/A|N/A|N/A|N/A|N/A|N/A|N/A|N/A|N/A|N/A|
Ty Waddles Penguin Bubby - 8.66 inch|899||||||214 g|2 - 10 Years|Pets & Animals|Boys, Girls|N/A|8.66 inch|Non Battery|N/A|N/A|N/A|USA|N/A|N/A|N/A|N/A|N/A|N/A|Yes|N/A|N/A|N/A|N/A|N/A|N/A|N/A|N/A|N/A|N/A|N/A|N/A|N/A|N/A|N/A|N/A|N/A|N/A|N/A|N/A|N/A|N/A|N/A|N/A|N/A|
Cuddly Toys Coryo Teddy Bear - 17.71 Inch|480|40%|800|2.5|1|2|600 g|1 - 18 Years|Teddy Bears|N/A|N/A|17.71 Inch|N/A|N/A|11.81 inch|11.81 inch|India|N/A|N/A|N/A|N/A|N/A|N/A|N/A|N/A|N/A|N/A|N/A|N/A|N/A|N/A|N/A|N/A|N/A|N/A|N/A|N/A|N/A|N/A|N/A|N/A|N/A|N/A|N/A|N/A|N/A|N/A|N/A|N/A|
Tickles Heart Love Pillow|290|22%|375||||N/A|N/A|Decorative Cushion|N/A|N/A|N/A|N/A|N/A|N/A|N/A|N/A|Polyfill|N/A|N/A|N/A|N/A|N/A|N/A|N/A|N/A|15 cm|Pile Cloth|N/A|N/A|N/A|N/A|N/A|N/A|N/A|N/A|N/A|Tickles|Yes|No|neck, Head, Back|Heart|AT-C024|Red|Pillow|N/A|N/A|N/A|N/A|
Tickles Teddy Jungle Animal Pillow|499|34%|765|3||3|N/A|N/A|Decorative Cushion|N/A|N/A|N/A|N/A|N/A|N/A|N/A|N/A|Polyfill|N/A|N/A|N/A|N/A|N/A|N/A|N/A|N/A|33 cm|Pile Cloth|N/A|N/A|N/A|N/A|N/A|N/A|N/A|N/A|N/A|Tickles|Yes|No|neck, Head, Back|Teddy|AT-C006|Brown|Pillow|N/A|N/A|N/A|N/A|
Porcupine 48 Inches Teddy Bear - 48 inch|2499|10%|2799||||3000 g|2 - 70 Years|Teddy Bears|N/A|N/A|48 inch|N/A|7 Days warranty for any manufacturing defect.|15 inch|15 inch|India|Inner Filling, Fiber/Outer, Fur|N/A|N/A|N/A|Teddy Bear|N/A|N/A|N/A|N/A|N/A|N/A|N/A|N/A|N/A|N/A|N/A|N/A|N/A|N/A|N/A|N/A|N/A|N/A|N/A|N/A|N/A|N/A|N/A|N/A|N/A|N/A|N/A|
Disney Mickey Plush Cap - 7 inch|395|1%|399|4|1|1|N/A|3 - 12 Years|Cartoon Characters|Boys, Girls|1|7 inch|Non Battery|N/A|7.87 inch|9.05 inch|China|N/A|9.44 inch|N/A|N/A|Mickey Mouse|N/A|Yes|N/A|N/A|N/A|N/A|N/A|N/A|N/A|N/A|N/A|N/A|N/A|N/A|N/A|N/A|N/A|N/A|N/A|N/A|N/A|N/A|N/A|N/A|N/A|N/A|N/A|
MFT Pug Dog S - 8 Inch|185|38%|299||||300 g|3 - 10 Years|Pets & Animals|N/A|N/A|8 Inch|N/A|N/A|6 inch|4 inch|India|N/A|N/A|N/A|N/A|N/A|N/A|N/A|N/A|N/A|N/A|N/A|N/A|N/A|N/A|N/A|N/A|N/A|N/A|N/A|N/A|N/A|N/A|N/A|N/A|N/A|N/A|N/A|N/A|N/A|N/A|N/A|N/A|